latitude,longitude,air_quality,temperature,eco_score,activity_type,timestamp
46.23059,15.262811,74.3,12.1,77.7,WALKING,2026-06-05 15:08:03
45.541833,13.735505,88.3,21.5,69.5,WALKING,2026-06-05 15:08:08
46.23415,14.351192,83.8,23.3,70.1,RUNNING,2026-06-05 15:08:13
46.225503,15.266692,85.8,12.6,74.4,WALKING,2026-06-05 15:08:18
46.232748,14.363997,78.0,13.3,72.1,CYCLING,2026-06-05 15:08:23
46.24653,14.359984,77.3,16.8,68.6,CYCLING,2026-06-05 15:08:29
46.409923,15.866244,49.7,18.3,50.5,WALKING,2026-06-05 15:08:34
46.051453,14.50826,35.3,12.0,38.9,WALKING,2026-06-05 15:08:39
45.553958,13.737804,68.1,19.4,72.0,RUNNING,2026-06-05 15:08:44
46.23026,14.356716,65.5,20.0,61.6,CYCLING,2026-06-05 15:08:49
46.563046,15.649103,51.3,22.8,52.3,WALKING,2026-06-05 15:08:54
46.049967,14.511222,88.3,18.9,85.0,RUNNING,2026-06-05 15:08:59
46.358368,15.110904,65.9,26.7,63.2,WALKING,2026-06-05 15:09:04
45.538136,13.728849,36.5,11.3,36.0,RUNNING,2026-06-05 15:09:09
45.809543,15.169125,66.8,17.4,69.6,CYCLING,2026-06-05 15:09:14
46.428424,15.870057,88.2,10.1,80.0,RUNNING,2026-06-05 15:09:19
45.790071,15.166317,76.5,22.4,73.4,RUNNING,2026-06-05 15:09:24
46.427099,15.860847,73.3,10.5,70.4,WALKING,2026-06-05 15:09:29
45.546302,13.723583,47.2,23.7,51.4,CYCLING,2026-06-05 15:09:34
46.426946,15.870065,81.8,27.0,67.2,RUNNING,2026-06-05 15:09:39
45.792355,15.170598,84.1,11.2,79.9,WALKING,2026-06-05 15:09:45
46.053491,14.508042,83.4,17.5,81.9,RUNNING,2026-06-05 15:09:50
45.539047,13.720663,53.0,13.2,61.7,CYCLING,2026-06-05 15:09:55
45.554604,13.735005,74.7,23.3,75.9,RUNNING,2026-06-05 15:10:00
45.80821,15.181168,83.3,16.7,70.6,WALKING,2026-06-05 15:10:05
46.563511,15.639819,44.4,19.8,38.3,CYCLING,2026-06-05 15:10:10
46.549846,15.637381,59.3,16.3,67.8,WALKING,2026-06-05 15:10:15
45.800192,15.162957,91.7,17.6,80.8,RUNNING,2026-06-05 15:10:20
45.541745,13.736535,45.5,21.5,39.9,CYCLING,2026-06-05 15:10:25
46.414617,15.86336,49.5,23.2,53.7,RUNNING,2026-06-05 15:10:30
46.55987,15.636855,84.8,14.1,71.3,CYCLING,2026-06-05 15:10:35
46.548356,15.645118,88.3,19.4,82.5,WALKING,2026-06-05 15:10:40
45.793659,15.179496,88.8,14.2,78.7,WALKING,2026-06-05 15:10:45
46.222943,15.261616,61.4,11.3,66.0,CYCLING,2026-06-05 15:10:50
45.55047,13.736413,61.3,19.5,53.4,CYCLING,2026-06-05 15:10:56
45.793114,15.175084,74.8,19.8,77.2,RUNNING,2026-06-05 15:11:01
45.549608,13.722055,66.9,12.2,62.8,CYCLING,2026-06-05 15:11:06
46.548164,15.639809,40.1,22.7,53.2,RUNNING,2026-06-05 15:11:11
46.420558,15.876398,78.6,18.0,77.4,WALKING,2026-06-05 15:11:16
46.563001,15.648222,36.9,13.5,38.6,RUNNING,2026-06-05 15:11:21
46.234515,14.362668,49.8,22.5,57.5,WALKING,2026-06-05 15:11:26
46.056946,14.514024,33.1,18.1,44.7,CYCLING,2026-06-05 15:11:31
45.548825,13.727941,94.7,19.1,81.5,CYCLING,2026-06-05 15:11:36
45.794284,15.164445,40.5,23.1,49.6,CYCLING,2026-06-05 15:11:41
45.802933,15.163291,39.4,17.4,35.2,CYCLING,2026-06-05 15:11:46
46.547137,15.637329,40.8,12.3,46.1,CYCLING,2026-06-05 15:11:51
46.552529,15.643732,73.3,24.0,76.7,RUNNING,2026-06-05 15:11:56
46.429458,15.864452,63.8,23.0,54.6,RUNNING,2026-06-05 15:12:01
46.351264,15.10242,43.5,21.7,48.2,RUNNING,2026-06-05 15:12:06
46.558414,15.648147,69.3,19.4,66.9,CYCLING,2026-06-05 15:12:12
46.560717,15.65141,31.4,20.8,43.0,WALKING,2026-06-05 15:12:17
46.559087,15.638294,56.8,12.7,60.4,CYCLING,2026-06-05 15:12:22
46.228055,15.253261,48.5,11.1,54.1,CYCLING,2026-06-05 15:12:27
46.052421,14.497414,57.4,15.0,62.4,WALKING,2026-06-05 15:12:32
46.240761,14.350218,30.4,27.6,41.7,WALKING,2026-06-05 15:12:37
46.419972,15.873859,85.6,16.1,62.7,CYCLING,2026-06-05 15:12:42
46.361,15.113314,64.6,13.9,55.2,RUNNING,2026-06-05 15:12:47
46.426415,15.866813,83.7,14.0,75.6,CYCLING,2026-06-05 15:12:52
46.240396,15.264903,53.7,26.0,56.0,CYCLING,2026-06-05 15:12:57
46.549934,15.637511,76.1,15.5,74.1,CYCLING,2026-06-05 15:13:02
46.426042,15.878334,44.7,23.8,38.5,CYCLING,2026-06-05 15:13:08
45.547634,13.738175,64.5,14.5,66.5,WALKING,2026-06-05 15:13:13
46.233794,15.259274,52.2,24.5,59.0,RUNNING,2026-06-05 15:13:18
45.53832,13.725028,60.6,14.2,60.7,CYCLING,2026-06-05 15:13:23
45.546546,13.729705,44.2,20.9,51.5,WALKING,2026-06-05 15:13:28
45.793404,15.167885,43.4,24.6,52.0,WALKING,2026-06-05 15:13:33
45.553764,13.721185,56.0,22.3,50.0,RUNNING,2026-06-05 15:13:38
45.794382,15.17164,45.6,22.8,47.5,RUNNING,2026-06-05 15:13:43
45.551233,13.735123,80.7,26.1,69.0,CYCLING,2026-06-05 15:13:48
46.242681,14.352438,63.5,22.7,55.6,CYCLING,2026-06-05 15:13:53
46.246838,14.358896,78.8,13.4,69.4,RUNNING,2026-06-05 15:13:58
46.364252,15.116504,79.2,13.8,81.3,WALKING,2026-06-05 15:14:03
45.542431,13.728198,47.5,10.3,57.8,WALKING,2026-06-05 15:14:08
46.564303,15.637104,91.8,24.5,70.2,CYCLING,2026-06-05 15:14:13
46.42699,15.863878,85.4,26.9,84.0,RUNNING,2026-06-05 15:14:18
46.564015,15.644934,57.9,22.8,66.1,RUNNING,2026-06-05 15:14:23
45.807485,15.180001,49.6,22.3,52.2,WALKING,2026-06-05 15:14:28
46.563465,15.639097,77.1,23.3,76.9,RUNNING,2026-06-05 15:14:34
45.555697,13.734124,92.4,24.6,66.5,CYCLING,2026-06-05 15:14:39
46.416898,15.877297,44.1,24.4,54.2,RUNNING,2026-06-05 15:14:44
46.229288,14.361417,50.6,12.9,52.7,RUNNING,2026-06-05 15:14:49
46.363802,15.111934,63.3,11.8,55.6,WALKING,2026-06-05 15:14:54
46.551387,15.655333,56.4,23.2,60.8,RUNNING,2026-06-05 15:14:59
46.047481,14.513334,48.7,19.9,46.5,WALKING,2026-06-05 15:15:04
46.240739,15.254311,45.3,26.2,56.6,RUNNING,2026-06-05 15:15:09
46.223496,15.257137,39.1,10.3,47.9,RUNNING,2026-06-05 15:15:14
46.558172,15.64599,61.5,13.5,58.5,CYCLING,2026-06-05 15:15:19
46.242421,14.347381,79.0,10.6,70.1,WALKING,2026-06-05 15:15:24
46.22439,15.255692,33.9,18.9,45.7,RUNNING,2026-06-05 15:15:29
46.064426,14.515698,91.0,22.7,87.2,WALKING,2026-06-05 15:15:34
45.555084,13.732354,53.3,26.4,43.0,CYCLING,2026-06-05 15:15:40
46.059499,14.507971,94.1,20.9,73.6,WALKING,2026-06-05 15:15:45
45.797054,15.162652,83.4,14.0,73.1,RUNNING,2026-06-05 15:15:50
46.052849,14.515255,57.3,18.2,51.0,RUNNING,2026-06-05 15:15:55
46.361346,15.104431,80.6,27.1,79.8,RUNNING,2026-06-05 15:16:00
46.359495,15.109061,69.6,13.9,67.0,RUNNING,2026-06-05 15:16:05
46.230916,15.269252,48.7,21.2,55.8,RUNNING,2026-06-05 15:16:10
46.229404,14.349026,64.3,22.4,53.3,CYCLING,2026-06-05 15:16:15
46.411559,15.872885,67.1,19.6,58.4,CYCLING,2026-06-05 15:16:20
45.54318,13.720305,51.4,23.8,56.3,WALKING,2026-06-05 15:16:25
46.415531,15.864545,37.4,26.3,35.6,RUNNING,2026-06-05 15:16:30
46.237561,14.354509,94.4,13.4,80.3,WALKING,2026-06-05 15:16:35
46.411241,15.861985,92.2,18.1,79.6,RUNNING,2026-06-05 15:16:40
45.801125,15.170649,34.7,25.6,42.6,RUNNING,2026-06-05 15:16:45
46.232185,14.346436,63.2,17.9,69.4,WALKING,2026-06-05 15:16:51
46.230586,15.252924,53.8,17.3,64.7,RUNNING,2026-06-05 15:16:56
46.353672,15.101495,81.6,27.5,68.6,WALKING,2026-06-05 15:17:01
45.799966,15.175154,61.0,21.4,63.8,RUNNING,2026-06-05 15:17:06
46.364969,15.112953,58.5,19.0,56.3,RUNNING,2026-06-05 15:17:11
46.243019,14.346634,33.8,13.3,44.2,CYCLING,2026-06-05 15:17:16
46.247868,14.357609,89.9,12.8,82.0,CYCLING,2026-06-05 15:17:21
46.245502,14.357371,40.5,12.5,39.7,WALKING,2026-06-05 15:17:26
46.238825,15.260774,84.4,12.9,74.7,CYCLING,2026-06-05 15:17:31
46.230293,15.253763,39.6,10.8,37.7,RUNNING,2026-06-05 15:17:36
46.551437,15.639615,63.2,20.0,56.5,RUNNING,2026-06-05 15:17:41
46.221871,15.255678,85.0,25.7,72.6,WALKING,2026-06-05 15:17:46
46.229103,15.263494,84.9,17.9,66.2,RUNNING,2026-06-05 15:17:51
46.422607,15.866466,49.0,17.9,49.9,WALKING,2026-06-05 15:17:57
46.360367,15.116754,49.9,22.2,56.7,CYCLING,2026-06-05 15:18:02
45.538274,13.735363,31.3,14.9,41.6,RUNNING,2026-06-05 15:18:07
45.556258,13.73921,89.7,13.4,77.4,CYCLING,2026-06-05 15:18:12
46.244553,14.360293,36.5,11.6,45.4,WALKING,2026-06-05 15:18:17
46.235394,14.361972,84.7,26.1,81.5,WALKING,2026-06-05 15:18:22
46.549531,15.655121,54.9,23.6,57.3,RUNNING,2026-06-05 15:18:27
45.802609,15.166837,75.5,17.2,56.6,CYCLING,2026-06-05 15:18:32
46.244282,14.348665,53.3,17.8,55.8,CYCLING,2026-06-05 15:18:37
46.411036,15.871139,82.9,13.1,64.5,RUNNING,2026-06-05 15:18:42
46.050943,14.504689,79.7,27.2,63.2,WALKING,2026-06-05 15:18:47
45.80744,15.179374,45.4,15.2,57.6,CYCLING,2026-06-05 15:18:52
46.413471,15.863027,36.2,13.0,41.9,CYCLING,2026-06-05 15:18:57
46.048492,14.515249,76.9,13.4,61.2,CYCLING,2026-06-05 15:19:02
46.364409,15.103228,49.7,15.8,54.2,RUNNING,2026-06-05 15:19:08
46.238331,14.355377,34.8,14.3,36.7,WALKING,2026-06-05 15:19:13
45.552428,13.725303,39.8,27.1,44.1,CYCLING,2026-06-05 15:19:18
46.231707,15.265948,74.4,14.7,63.6,RUNNING,2026-06-05 15:19:23
46.368362,15.114585,56.3,26.9,67.2,WALKING,2026-06-05 15:19:28
46.056796,14.504098,83.5,10.3,82.3,WALKING,2026-06-05 15:19:33
46.231315,15.261795,40.8,17.3,44.6,WALKING,2026-06-05 15:19:38
46.552104,15.649572,70.4,22.3,63.8,RUNNING,2026-06-05 15:19:43
46.556113,15.6477,51.3,18.2,46.0,RUNNING,2026-06-05 15:19:48
45.549873,13.727189,31.8,21.3,30.3,CYCLING,2026-06-05 15:19:53
46.064053,14.500421,86.6,12.5,81.0,CYCLING,2026-06-05 15:19:58
45.809003,15.16947,39.3,27.2,52.3,WALKING,2026-06-05 15:20:03
46.412599,15.875864,90.0,19.5,71.1,RUNNING,2026-06-05 15:20:08
46.235695,15.263803,42.0,19.1,49.4,WALKING,2026-06-05 15:20:14
46.357884,15.113656,45.6,19.3,44.6,RUNNING,2026-06-05 15:20:19
46.35938,15.102244,83.4,26.5,69.4,CYCLING,2026-06-05 15:20:24
46.230725,15.260838,78.6,26.9,64.7,RUNNING,2026-06-05 15:20:29
45.808161,15.177901,90.1,23.7,76.6,RUNNING,2026-06-05 15:20:34
46.061619,14.497453,56.9,15.4,56.3,RUNNING,2026-06-05 15:20:39
45.553074,13.722264,48.5,22.2,41.6,CYCLING,2026-06-05 15:20:44
45.797436,15.166373,92.3,11.2,87.2,WALKING,2026-06-05 15:20:49
46.234015,14.355381,52.5,12.9,45.4,RUNNING,2026-06-05 15:20:54
46.414317,15.868629,56.7,19.3,48.3,RUNNING,2026-06-05 15:20:59
46.41349,15.867227,93.5,24.1,83.1,WALKING,2026-06-05 15:21:04
45.804428,15.166741,46.8,22.0,50.9,RUNNING,2026-06-05 15:21:09
46.221751,15.27071,42.3,22.9,46.5,CYCLING,2026-06-05 15:21:14
46.422381,15.876709,73.5,21.3,64.9,CYCLING,2026-06-05 15:21:19
46.23139,14.345718,73.8,11.5,74.0,RUNNING,2026-06-05 15:21:25
45.796061,15.165974,42.1,21.9,46.5,CYCLING,2026-06-05 15:21:30
45.554971,13.721588,57.6,23.2,61.8,CYCLING,2026-06-05 15:21:35
46.057116,14.497391,61.3,21.1,63.8,CYCLING,2026-06-05 15:21:40
46.236711,14.351256,35.0,11.5,50.2,WALKING,2026-06-05 15:21:45
46.551026,15.645427,76.4,17.8,74.7,CYCLING,2026-06-05 15:21:50
45.807236,15.175285,70.5,23.0,66.6,CYCLING,2026-06-05 15:21:55
46.048901,14.514755,36.6,10.1,36.1,RUNNING,2026-06-05 15:22:00
46.063163,14.501141,47.5,21.2,42.0,RUNNING,2026-06-05 15:22:05
46.236637,14.363087,83.0,14.1,70.2,RUNNING,2026-06-05 15:22:10
45.793394,15.170198,92.4,17.4,80.9,RUNNING,2026-06-05 15:22:15
46.427396,15.860554,31.4,25.6,38.9,RUNNING,2026-06-05 15:22:20
46.227457,15.256898,49.5,18.7,55.6,CYCLING,2026-06-05 15:22:25
46.363369,15.103883,91.6,10.6,71.1,CYCLING,2026-06-05 15:22:30
46.358439,15.119113,89.9,15.2,69.0,WALKING,2026-06-05 15:22:35
46.548552,15.644561,62.7,21.7,70.1,RUNNING,2026-06-05 15:22:41
46.556351,15.637401,51.3,20.6,51.2,WALKING,2026-06-05 15:22:46
45.80046,15.165086,65.2,10.8,72.3,WALKING,2026-06-05 15:22:51
46.244319,14.365561,48.8,12.4,60.0,WALKING,2026-06-05 15:22:56
45.545313,13.73873,30.8,21.5,36.4,RUNNING,2026-06-05 15:23:01
46.562591,15.64018,41.7,20.8,49.0,WALKING,2026-06-05 15:23:06
46.556095,15.643949,62.2,24.5,49.6,CYCLING,2026-06-05 15:23:11
45.552112,13.736335,66.0,24.8,55.7,CYCLING,2026-06-05 15:23:16
46.545947,15.653694,51.4,24.8,52.0,RUNNING,2026-06-05 15:23:21
46.42033,15.864255,48.1,25.5,51.9,WALKING,2026-06-05 15:23:26
45.804044,15.180475,30.6,20.1,45.3,RUNNING,2026-06-05 15:23:31
46.246002,14.365104,36.1,16.9,42.0,RUNNING,2026-06-05 15:23:36
46.561387,15.636748,79.3,25.7,73.8,CYCLING,2026-06-05 15:23:41
45.539407,13.739031,80.9,12.4,81.6,WALKING,2026-06-05 15:23:46
45.550276,13.724555,70.3,18.0,63.9,CYCLING,2026-06-05 15:23:51
45.798408,15.175329,58.7,11.7,56.5,RUNNING,2026-06-05 15:23:57
46.557984,15.638312,79.6,27.3,68.8,CYCLING,2026-06-05 15:24:02
45.537661,13.731543,41.6,10.8,51.0,RUNNING,2026-06-05 15:24:07
45.803412,15.171438,61.9,11.7,51.6,RUNNING,2026-06-05 15:24:12
46.425094,15.867338,37.5,24.2,44.9,WALKING,2026-06-05 15:24:17
46.227649,15.258087,52.6,11.3,53.2,RUNNING,2026-06-05 15:24:22
46.353991,15.109291,49.0,17.7,54.3,RUNNING,2026-06-05 15:24:27
45.551334,13.733048,66.4,25.7,58.2,CYCLING,2026-06-05 15:24:32
46.242495,14.351251,62.0,22.2,53.5,RUNNING,2026-06-05 15:24:37
46.358714,15.104786,37.3,24.0,42.5,WALKING,2026-06-05 15:24:42
45.800324,15.163449,91.8,22.7,73.1,CYCLING,2026-06-05 15:24:47
46.557797,15.649332,49.5,15.8,50.5,CYCLING,2026-06-05 15:24:52
46.065204,14.504157,87.4,12.4,77.4,WALKING,2026-06-05 15:24:57
46.422436,15.864391,73.6,25.6,67.1,WALKING,2026-06-05 15:25:02
45.79604,15.179611,78.8,23.2,81.7,WALKING,2026-06-05 15:25:08
46.546814,15.636945,47.9,12.7,47.7,RUNNING,2026-06-05 15:25:13
46.545265,15.636919,77.2,25.5,80.2,WALKING,2026-06-05 15:25:18
46.55101,15.653303,65.1,11.3,57.3,RUNNING,2026-06-05 15:25:23
45.539167,13.730712,79.7,21.1,77.8,RUNNING,2026-06-05 15:25:28
46.363281,15.115046,64.0,19.9,61.7,WALKING,2026-06-05 15:25:33
45.552805,13.730085,66.5,16.2,67.7,RUNNING,2026-06-05 15:25:38
45.80284,15.176472,40.5,15.2,40.7,RUNNING,2026-06-05 15:25:43
46.248007,14.362971,35.9,13.6,48.4,RUNNING,2026-06-05 15:25:48
46.368384,15.105835,68.8,15.1,55.7,RUNNING,2026-06-05 15:25:53
46.412757,15.868857,89.3,10.4,79.0,RUNNING,2026-06-05 15:25:58
46.355069,15.111767,78.4,19.1,69.1,CYCLING,2026-06-05 15:26:03
46.064974,14.506872,74.6,11.6,63.2,CYCLING,2026-06-05 15:26:08
45.80647,15.172258,42.5,26.4,43.1,CYCLING,2026-06-05 15:26:14
45.554186,13.726161,75.3,23.1,62.2,WALKING,2026-06-05 15:26:19
46.555663,15.654618,58.8,19.3,52.6,CYCLING,2026-06-05 15:26:24
46.554492,15.63759,51.2,18.7,53.1,WALKING,2026-06-05 15:26:29
46.358104,15.102526,88.5,14.0,74.4,CYCLING,2026-06-05 15:26:34
45.791023,15.181039,92.3,16.3,81.1,WALKING,2026-06-05 15:26:39
45.80033,15.164429,76.6,13.8,65.9,RUNNING,2026-06-05 15:26:44
46.559998,15.638094,87.5,22.6,75.0,WALKING,2026-06-05 15:26:49
46.558835,15.650229,40.2,17.8,50.4,RUNNING,2026-06-05 15:26:54
45.546868,13.733965,83.7,27.4,70.9,WALKING,2026-06-05 15:26:59
46.234018,15.258683,74.9,17.9,68.8,WALKING,2026-06-05 15:27:04
45.802505,15.180456,45.7,18.1,50.0,RUNNING,2026-06-05 15:27:09
45.80144,15.170984,91.6,14.1,88.8,WALKING,2026-06-05 15:27:14
46.057726,14.504063,42.6,24.8,60.5,WALKING,2026-06-05 15:27:19
45.793029,15.173203,94.0,18.0,69.4,CYCLING,2026-06-05 15:27:25
46.238364,15.256425,65.7,22.7,53.1,RUNNING,2026-06-05 15:27:30
46.349728,15.102265,31.0,13.9,46.8,RUNNING,2026-06-05 15:27:35
46.355671,15.117874,64.7,22.9,53.3,RUNNING,2026-06-05 15:27:40
46.065388,14.500644,83.4,13.3,78.9,RUNNING,2026-06-05 15:27:45
46.355604,15.111272,67.3,12.8,75.3,WALKING,2026-06-05 15:27:50
46.558775,15.653733,41.2,12.3,44.6,RUNNING,2026-06-05 15:27:55
46.229192,15.256002,40.3,11.4,45.6,WALKING,2026-06-05 15:28:00
46.353706,15.103701,83.8,11.4,76.4,WALKING,2026-06-05 15:28:05
46.233811,15.257261,83.1,26.8,66.4,WALKING,2026-06-05 15:28:10
46.363386,15.112922,84.3,27.4,82.0,RUNNING,2026-06-05 15:28:15
46.360731,15.112702,87.4,27.3,85.1,WALKING,2026-06-05 15:28:20
46.363407,15.102634,80.0,21.2,65.4,WALKING,2026-06-05 15:28:25
45.795304,15.173841,67.8,23.8,63.0,RUNNING,2026-06-05 15:28:31
45.789663,15.163966,32.5,12.4,39.5,RUNNING,2026-06-05 15:28:36
46.234997,14.36409,52.2,15.0,59.3,WALKING,2026-06-05 15:28:41
45.801812,15.162331,47.1,12.8,59.0,WALKING,2026-06-05 15:28:46
46.423917,15.869026,36.0,12.9,41.3,CYCLING,2026-06-05 15:28:51
46.561114,15.637317,61.9,15.2,50.2,CYCLING,2026-06-05 15:28:56
45.794086,15.169699,88.6,18.5,71.3,CYCLING,2026-06-05 15:29:01
46.247889,14.358361,94.4,15.2,73.5,RUNNING,2026-06-05 15:29:06
46.245206,14.36443,81.0,15.8,77.7,RUNNING,2026-06-05 15:29:11
45.801939,15.178737,58.4,19.5,60.7,RUNNING,2026-06-05 15:29:16
46.061462,14.509356,56.2,26.1,51.4,WALKING,2026-06-05 15:29:21
46.55872,15.655896,74.1,27.3,60.9,WALKING,2026-06-05 15:29:26
46.231748,14.355606,39.8,24.9,40.1,CYCLING,2026-06-05 15:29:31
46.545179,15.648803,41.1,21.5,46.0,WALKING,2026-06-05 15:29:36
46.242588,14.345808,30.4,24.4,32.3,CYCLING,2026-06-05 15:29:42
45.809306,15.179535,53.4,21.0,47.7,CYCLING,2026-06-05 15:29:47
46.360384,15.10659,35.0,26.8,53.6,WALKING,2026-06-05 15:29:52
46.416579,15.860586,69.0,15.5,57.2,CYCLING,2026-06-05 15:29:57
46.418997,15.87358,31.7,18.8,49.2,WALKING,2026-06-05 15:30:02
45.796636,15.174144,85.7,17.8,71.0,WALKING,2026-06-05 15:30:07
46.427768,15.865984,85.9,18.7,67.5,RUNNING,2026-06-05 15:30:12
46.425788,15.870711,95.0,21.9,73.7,WALKING,2026-06-05 15:30:17
46.551191,15.642275,58.9,24.1,50.1,RUNNING,2026-06-05 15:30:22
46.421279,15.869438,70.0,17.8,62.0,CYCLING,2026-06-05 15:30:27
45.55339,13.728224,39.0,24.4,51.6,CYCLING,2026-06-05 15:30:32
46.351575,15.1046,76.1,12.2,77.2,RUNNING,2026-06-05 15:30:37
46.41153,15.871817,45.8,26.1,46.7,CYCLING,2026-06-05 15:30:42
46.231743,15.266514,35.6,14.1,53.7,WALKING,2026-06-05 15:30:47
46.55784,15.652604,58.8,24.1,64.8,RUNNING,2026-06-05 15:30:53
46.349226,15.118287,50.2,24.0,46.9,RUNNING,2026-06-05 15:30:58
45.546607,13.731529,45.8,10.1,58.1,RUNNING,2026-06-05 15:31:03
46.353613,15.103404,80.1,21.8,65.8,CYCLING,2026-06-05 15:31:08
46.233841,14.3562,57.0,18.9,59.0,RUNNING,2026-06-05 15:31:13
46.047317,14.496049,94.3,24.7,90.0,WALKING,2026-06-05 15:31:18
45.544077,13.737398,75.2,19.8,77.4,RUNNING,2026-06-05 15:31:23
46.561643,15.645787,35.0,13.5,44.8,CYCLING,2026-06-05 15:31:28
46.424411,15.878326,40.1,20.1,40.4,RUNNING,2026-06-05 15:31:33
46.350412,15.103218,54.2,20.7,55.0,CYCLING,2026-06-05 15:31:38
46.231349,15.264359,81.4,25.0,63.3,CYCLING,2026-06-05 15:31:43
46.562656,15.644302,91.2,27.1,73.5,RUNNING,2026-06-05 15:31:48
46.360672,15.118114,38.4,14.8,45.4,WALKING,2026-06-05 15:31:54
46.548143,15.642292,80.7,23.1,78.7,RUNNING,2026-06-05 15:31:59
46.549007,15.653676,91.7,12.1,74.9,WALKING,2026-06-05 15:32:04
46.548297,15.655431,56.1,13.7,54.8,WALKING,2026-06-05 15:32:09
46.247043,14.35971,70.3,19.8,67.9,RUNNING,2026-06-05 15:32:14
46.420114,15.874718,58.3,11.3,49.4,CYCLING,2026-06-05 15:32:19
46.561128,15.640926,65.8,14.8,73.6,WALKING,2026-06-05 15:32:24
45.801637,15.174544,44.1,21.2,51.1,RUNNING,2026-06-05 15:32:29
46.230466,14.357099,67.9,24.7,73.6,RUNNING,2026-06-05 15:32:34
45.542682,13.734846,74.7,27.8,65.2,WALKING,2026-06-05 15:32:39
46.064307,14.509687,42.1,27.1,49.4,CYCLING,2026-06-05 15:32:44
46.418251,15.869555,81.7,16.2,76.4,CYCLING,2026-06-05 15:32:49
46.420462,15.878412,65.4,14.0,67.5,RUNNING,2026-06-05 15:32:54
46.232657,15.260689,69.9,12.0,71.4,WALKING,2026-06-05 15:32:59
46.42635,15.868233,39.7,17.9,51.0,CYCLING,2026-06-05 15:33:04
46.368221,15.111108,63.6,26.6,61.8,WALKING,2026-06-05 15:33:10
45.544231,13.728262,88.5,22.1,76.0,CYCLING,2026-06-05 15:33:15
45.795886,15.172849,52.1,11.0,63.0,RUNNING,2026-06-05 15:33:20
46.42521,15.873673,70.8,17.5,66.8,WALKING,2026-06-05 15:33:25
45.795386,15.180103,35.6,25.5,38.7,CYCLING,2026-06-05 15:33:30
46.225513,15.255034,70.9,13.6,56.3,CYCLING,2026-06-05 15:33:35
46.357742,15.113877,38.3,10.3,56.4,WALKING,2026-06-05 15:33:40
46.547273,15.650875,74.7,10.5,73.7,WALKING,2026-06-05 15:33:45
45.544051,13.720356,85.2,11.0,72.3,WALKING,2026-06-05 15:33:50
45.805288,15.173494,50.9,13.2,43.8,RUNNING,2026-06-05 15:33:55
46.222418,15.270254,50.3,16.4,48.9,RUNNING,2026-06-05 15:34:00
46.23911,15.272348,53.2,18.7,51.7,CYCLING,2026-06-05 15:34:05
46.230248,15.265559,44.7,10.2,52.9,RUNNING,2026-06-05 15:34:10
46.231331,14.362,57.9,24.0,67.5,RUNNING,2026-06-05 15:34:15
46.557494,15.641624,94.7,17.4,74.9,RUNNING,2026-06-05 15:34:20
45.54733,13.723356,79.1,19.3,68.5,RUNNING,2026-06-05 15:34:26
46.420254,15.863163,34.9,13.8,38.0,CYCLING,2026-06-05 15:34:31
46.050929,14.503554,94.4,24.0,79.3,CYCLING,2026-06-05 15:34:36
46.054695,14.498645,41.4,25.2,55.9,RUNNING,2026-06-05 15:34:41
46.548614,15.636467,76.7,10.1,75.0,RUNNING,2026-06-05 15:34:46
46.055786,14.510537,63.3,10.9,51.6,RUNNING,2026-06-05 15:34:51
46.236509,15.253598,60.1,24.4,61.9,RUNNING,2026-06-05 15:34:56
46.229337,15.25675,68.6,11.2,76.1,WALKING,2026-06-05 15:35:01
46.558387,15.637744,86.2,25.9,73.8,CYCLING,2026-06-05 15:35:06
45.555803,13.720195,54.4,26.0,62.2,WALKING,2026-06-05 15:35:11
46.232251,15.267368,75.7,16.8,78.3,WALKING,2026-06-05 15:35:16
46.412311,15.869425,54.1,24.0,57.0,WALKING,2026-06-05 15:35:21
45.553652,13.727076,48.2,15.9,51.9,RUNNING,2026-06-05 15:35:26
45.538635,13.720421,31.2,19.8,34.1,WALKING,2026-06-05 15:35:31
45.806422,15.164607,37.6,19.5,49.3,WALKING,2026-06-05 15:35:36
46.226607,15.259872,68.8,21.8,61.3,RUNNING,2026-06-05 15:35:42
46.36641,15.112059,33.2,14.2,38.7,RUNNING,2026-06-05 15:35:47
45.553702,13.732583,76.2,26.6,71.9,RUNNING,2026-06-05 15:35:52
45.795755,15.179952,85.0,14.0,79.8,WALKING,2026-06-05 15:35:57
45.79427,15.168236,74.0,10.6,71.1,RUNNING,2026-06-05 15:36:02
46.229976,15.270741,51.1,13.5,61.3,RUNNING,2026-06-05 15:36:07
46.421043,15.869782,94.3,15.1,73.8,RUNNING,2026-06-05 15:36:12
45.793754,15.169191,76.6,10.6,67.0,RUNNING,2026-06-05 15:36:17
46.560653,15.637766,68.6,24.8,71.3,RUNNING,2026-06-05 15:36:22
45.555728,13.724428,86.8,27.7,78.9,WALKING,2026-06-05 15:36:27
45.808948,15.171149,66.9,15.5,60.1,RUNNING,2026-06-05 15:36:32
46.553305,15.63806,46.6,20.4,58.2,RUNNING,2026-06-05 15:36:37
46.368177,15.101752,87.2,11.0,78.0,RUNNING,2026-06-05 15:36:42
46.060295,14.513901,74.0,20.7,78.3,WALKING,2026-06-05 15:36:48
46.552954,15.639535,48.2,16.0,43.0,RUNNING,2026-06-05 15:36:53
46.24329,14.349184,88.4,11.1,74.9,WALKING,2026-06-05 15:36:58
46.349249,15.102597,76.9,19.8,74.0,RUNNING,2026-06-05 15:37:03
45.54624,13.72056,81.2,25.0,72.3,WALKING,2026-06-05 15:37:08
46.368489,15.110748,89.8,18.9,69.2,RUNNING,2026-06-05 15:37:13
46.2444,14.349346,78.3,20.2,65.7,CYCLING,2026-06-05 15:37:18
46.410827,15.866844,31.1,10.9,51.6,WALKING,2026-06-05 15:37:23
46.363407,15.11263,67.9,12.8,69.8,WALKING,2026-06-05 15:37:28
45.807913,15.165776,73.6,26.3,57.4,RUNNING,2026-06-05 15:37:33
46.238477,15.25698,70.6,27.7,53.5,CYCLING,2026-06-05 15:37:38
45.551715,13.720323,75.6,21.0,74.6,WALKING,2026-06-05 15:37:43
46.245673,14.356561,59.5,25.2,62.0,WALKING,2026-06-05 15:37:48
45.806426,15.169086,65.6,19.5,66.5,CYCLING,2026-06-05 15:37:54
45.794338,15.175099,69.7,21.6,63.4,CYCLING,2026-06-05 15:37:59
46.35843,15.119881,38.6,26.4,48.5,WALKING,2026-06-05 15:38:04
45.547251,13.72778,67.3,10.9,64.3,WALKING,2026-06-05 15:38:09
45.55396,13.721808,73.2,21.6,66.4,RUNNING,2026-06-05 15:38:14
45.548103,13.739354,61.2,11.5,57.3,CYCLING,2026-06-05 15:38:19
45.537191,13.737531,78.4,17.3,65.0,RUNNING,2026-06-05 15:38:24
46.416453,15.876268,92.7,16.3,88.3,WALKING,2026-06-05 15:38:29
45.801818,15.163672,71.4,16.0,68.9,CYCLING,2026-06-05 15:38:34
46.237107,14.354474,47.3,25.5,50.1,RUNNING,2026-06-05 15:38:39
45.538274,13.726925,38.7,25.1,51.7,RUNNING,2026-06-05 15:38:44
46.35701,15.113571,70.6,19.6,74.6,RUNNING,2026-06-05 15:38:49
46.358929,15.107595,89.0,20.5,74.1,RUNNING,2026-06-05 15:38:54
46.560703,15.638201,57.4,26.3,56.6,WALKING,2026-06-05 15:39:00
45.79678,15.163407,69.6,22.2,61.5,CYCLING,2026-06-05 15:39:05
46.564068,15.638064,43.7,17.4,54.0,WALKING,2026-06-05 15:39:10
46.422828,15.862249,49.2,16.3,47.3,CYCLING,2026-06-05 15:39:15
45.553806,13.722212,52.4,16.5,57.4,RUNNING,2026-06-05 15:39:20
46.36855,15.109967,58.5,21.3,54.8,WALKING,2026-06-05 15:39:25
46.240953,14.361216,55.5,27.7,59.2,CYCLING,2026-06-05 15:39:30
45.549739,13.724902,40.8,23.3,52.1,CYCLING,2026-06-05 15:39:35
46.228274,15.268065,33.4,11.3,35.9,WALKING,2026-06-05 15:39:40
45.544594,13.719853,48.6,14.2,56.8,RUNNING,2026-06-05 15:39:45
45.805035,15.169563,92.6,27.0,86.4,RUNNING,2026-06-05 15:39:50
45.798577,15.181059,61.0,11.3,66.5,CYCLING,2026-06-05 15:39:55
46.362463,15.102604,72.5,25.9,59.7,WALKING,2026-06-05 15:40:00
45.551775,13.73235,36.1,10.3,42.8,CYCLING,2026-06-05 15:40:06
46.412087,15.867601,32.8,16.3,47.4,CYCLING,2026-06-05 15:40:11
45.554315,13.726784,62.7,23.7,52.6,WALKING,2026-06-05 15:40:16
46.55071,15.647795,69.6,17.8,57.4,RUNNING,2026-06-05 15:40:21
45.806739,15.17288,70.0,20.5,60.0,CYCLING,2026-06-05 15:40:26
46.418744,15.872051,86.2,10.6,64.2,CYCLING,2026-06-05 15:40:31
45.795781,15.163624,82.6,14.1,78.2,CYCLING,2026-06-05 15:40:36
46.246305,14.35674,54.9,16.5,61.2,WALKING,2026-06-05 15:40:41
46.242134,14.361543,57.3,19.7,56.8,WALKING,2026-06-05 15:40:46
45.546086,13.734446,83.7,17.7,68.3,CYCLING,2026-06-05 15:40:51
45.540153,13.729591,48.1,21.0,54.7,RUNNING,2026-06-05 15:40:56
45.808425,15.162782,67.5,18.9,69.2,CYCLING,2026-06-05 15:41:01
46.063142,14.499991,70.1,26.6,57.4,CYCLING,2026-06-05 15:41:06
45.795322,15.171416,64.4,10.4,55.8,CYCLING,2026-06-05 15:41:12
46.562765,15.643452,75.8,20.9,77.8,WALKING,2026-06-05 15:41:17
46.424154,15.878615,53.0,12.7,45.1,CYCLING,2026-06-05 15:41:22
46.230187,14.365006,93.8,13.7,69.5,CYCLING,2026-06-05 15:41:27
46.236149,15.255206,81.2,16.1,79.2,RUNNING,2026-06-05 15:41:32
46.066536,14.51441,94.1,13.7,70.7,RUNNING,2026-06-05 15:41:37
46.050952,14.509824,34.3,17.4,41.1,WALKING,2026-06-05 15:41:42
45.805541,15.173051,87.9,19.4,75.7,CYCLING,2026-06-05 15:41:47
46.048215,14.502196,34.2,17.8,44.3,RUNNING,2026-06-05 15:41:52
46.05503,14.504783,41.8,18.3,43.8,RUNNING,2026-06-05 15:41:57
46.416687,15.86517,30.9,19.3,45.5,WALKING,2026-06-05 15:42:02
46.058538,14.496036,71.6,19.5,62.1,CYCLING,2026-06-05 15:42:07
45.804077,15.169419,94.1,27.5,81.3,WALKING,2026-06-05 15:42:12
45.792833,15.16944,88.5,14.9,79.7,RUNNING,2026-06-05 15:42:18
46.365138,15.106837,77.0,11.5,63.1,CYCLING,2026-06-05 15:42:23
46.237016,14.362473,75.2,27.7,74.9,WALKING,2026-06-05 15:42:28
46.059271,14.505253,34.5,17.3,47.7,WALKING,2026-06-05 15:42:33
46.419398,15.868924,77.1,22.2,64.8,WALKING,2026-06-05 15:42:38
45.554756,13.721301,36.1,14.8,45.4,CYCLING,2026-06-05 15:42:43
46.245589,14.355928,84.9,21.6,71.7,CYCLING,2026-06-05 15:42:48
46.231418,15.259134,79.2,25.9,70.6,CYCLING,2026-06-05 15:42:53
46.545608,15.637603,50.5,24.6,44.6,RUNNING,2026-06-05 15:42:58
46.244802,14.363372,49.7,19.3,43.7,RUNNING,2026-06-05 15:43:03
46.222774,15.256899,38.1,21.5,57.4,WALKING,2026-06-05 15:43:08
45.552627,13.721267,67.2,15.3,63.1,RUNNING,2026-06-05 15:43:13
46.238755,14.356865,72.1,23.0,59.9,CYCLING,2026-06-05 15:43:18
46.234487,15.267116,47.5,15.5,56.1,CYCLING,2026-06-05 15:43:23
46.366938,15.105921,39.1,25.1,50.6,WALKING,2026-06-05 15:43:29
46.54999,15.64883,80.5,25.4,72.5,WALKING,2026-06-05 15:43:34
46.350137,15.117562,77.8,18.9,71.1,RUNNING,2026-06-05 15:43:39
45.542492,13.72682,34.8,27.1,40.6,RUNNING,2026-06-05 15:43:44
45.793334,15.179409,93.4,11.2,75.7,RUNNING,2026-06-05 15:43:49
46.223748,15.265163,69.8,17.6,59.1,RUNNING,2026-06-05 15:43:54
45.801383,15.16507,68.6,13.2,65.8,WALKING,2026-06-05 15:43:59
46.226483,15.265306,92.5,23.1,79.3,WALKING,2026-06-05 15:44:04
46.562225,15.641776,43.8,18.6,47.0,RUNNING,2026-06-05 15:44:09
45.80255,15.175206,67.1,26.6,70.5,RUNNING,2026-06-05 15:44:14
46.556178,15.646378,61.9,20.3,67.8,CYCLING,2026-06-05 15:44:19
45.540089,13.722552,78.5,13.2,67.9,CYCLING,2026-06-05 15:44:24
46.429178,15.86895,81.2,26.2,73.7,CYCLING,2026-06-05 15:44:29
46.230468,15.256912,84.5,24.1,75.2,CYCLING,2026-06-05 15:44:35
45.548797,13.729723,50.6,16.6,53.6,WALKING,2026-06-05 15:44:40
46.363863,15.117159,86.7,11.5,79.3,WALKING,2026-06-05 15:44:45
46.240711,14.358261,85.1,18.1,65.1,CYCLING,2026-06-05 15:44:50
46.355925,15.111611,41.5,21.2,45.4,WALKING,2026-06-05 15:44:55
45.803785,15.175609,82.6,20.7,67.3,WALKING,2026-06-05 15:45:00
46.242102,14.35584,57.2,26.3,57.3,RUNNING,2026-06-05 15:45:05
46.423661,15.873121,31.4,13.9,46.7,RUNNING,2026-06-05 15:45:10
46.053736,14.515037,68.5,20.3,68.0,RUNNING,2026-06-05 15:45:15
45.539768,13.73534,30.5,11.1,49.0,RUNNING,2026-06-05 15:45:20
45.809547,15.169997,65.1,13.6,65.2,RUNNING,2026-06-05 15:45:25
46.236957,14.352624,59.2,17.4,47.9,CYCLING,2026-06-05 15:45:30
45.801901,15.170692,35.9,18.3,36.3,RUNNING,2026-06-05 15:45:35
45.552698,13.736208,56.7,19.4,61.9,RUNNING,2026-06-05 15:45:41
45.539163,13.725866,58.7,26.0,55.8,CYCLING,2026-06-05 15:45:46
46.238628,15.257501,94.7,25.1,83.5,CYCLING,2026-06-05 15:45:51
46.055519,14.510512,43.5,26.0,48.6,CYCLING,2026-06-05 15:45:56
46.552594,15.637068,44.1,22.9,52.5,RUNNING,2026-06-05 15:46:01
46.359845,15.1085,56.1,25.0,59.7,WALKING,2026-06-05 15:46:06
46.233993,14.359302,87.8,12.3,84.2,RUNNING,2026-06-05 15:46:11
46.24729,14.346363,94.1,26.3,82.9,CYCLING,2026-06-05 15:46:16
46.354794,15.110925,90.3,23.8,76.9,RUNNING,2026-06-05 15:46:21
46.246703,14.346055,39.2,23.2,45.1,WALKING,2026-06-05 15:46:26
45.80487,15.180186,83.5,27.4,69.9,CYCLING,2026-06-05 15:46:31
46.244857,14.349799,88.1,11.8,71.1,WALKING,2026-06-05 15:46:36
46.22275,15.256104,40.1,14.2,47.5,CYCLING,2026-06-05 15:46:41
46.066237,14.498344,88.7,22.7,80.6,WALKING,2026-06-05 15:46:46
46.428546,15.871774,62.2,16.4,52.2,CYCLING,2026-06-05 15:46:52
46.351655,15.106503,52.0,10.5,59.6,CYCLING,2026-06-05 15:46:57
46.051175,14.505597,59.4,24.0,51.9,RUNNING,2026-06-05 15:47:02
46.561181,15.654415,64.8,22.3,70.0,RUNNING,2026-06-05 15:47:07
46.368896,15.119667,31.1,14.5,46.0,RUNNING,2026-06-05 15:47:12
45.790766,15.17532,42.2,14.0,51.6,WALKING,2026-06-05 15:47:17
45.792535,15.181475,39.9,15.2,46.3,WALKING,2026-06-05 15:47:22
46.23516,15.271898,60.5,27.8,58.6,WALKING,2026-06-05 15:47:27
46.422716,15.869443,65.8,19.1,69.3,RUNNING,2026-06-05 15:47:32
45.551114,13.723729,69.5,18.9,69.5,WALKING,2026-06-05 15:47:37
45.797023,15.18027,69.6,14.5,64.6,RUNNING,2026-06-05 15:47:42
46.427557,15.872608,60.6,24.5,51.2,CYCLING,2026-06-05 15:47:47
46.556077,15.642127,35.7,16.2,47.2,CYCLING,2026-06-05 15:47:52
46.058305,14.497669,92.3,18.1,79.9,RUNNING,2026-06-05 15:47:58
46.234557,15.25442,87.8,13.3,75.5,WALKING,2026-06-05 15:48:03
46.224802,15.266592,42.7,22.1,41.2,RUNNING,2026-06-05 15:48:08
46.554115,15.642393,65.5,23.8,67.2,WALKING,2026-06-05 15:48:13
45.794094,15.170459,50.4,17.7,50.5,WALKING,2026-06-05 15:48:18
45.80555,15.176949,42.6,24.4,41.7,CYCLING,2026-06-05 15:48:23
46.229612,14.348875,71.5,21.2,55.6,CYCLING,2026-06-05 15:48:28
46.365995,15.107333,93.8,20.0,81.9,CYCLING,2026-06-05 15:48:33
46.365154,15.111816,94.4,15.6,85.4,WALKING,2026-06-05 15:48:38
46.055508,14.50287,52.1,22.2,51.9,WALKING,2026-06-05 15:48:43
46.369,15.107148,93.8,22.5,73.8,WALKING,2026-06-05 15:48:48
46.232343,14.349048,64.1,10.5,63.7,RUNNING,2026-06-05 15:48:53
46.352952,15.104048,41.3,27.5,54.4,CYCLING,2026-06-05 15:48:58
45.543947,13.735456,46.5,15.9,53.3,RUNNING,2026-06-05 15:49:03
45.797367,15.170596,89.7,23.2,74.4,CYCLING,2026-06-05 15:49:09
46.550136,15.636327,89.2,24.3,83.3,RUNNING,2026-06-05 15:49:14
46.365223,15.10588,90.2,24.8,71.0,RUNNING,2026-06-05 15:49:19
46.23131,14.361158,57.3,24.1,67.8,WALKING,2026-06-05 15:49:24
46.223469,15.253449,46.1,13.1,59.5,WALKING,2026-06-05 15:49:29
45.789693,15.165091,60.4,18.5,65.0,WALKING,2026-06-05 15:49:34
46.233106,15.269054,83.9,14.3,76.2,WALKING,2026-06-05 15:49:39
46.415476,15.877718,72.1,17.2,61.2,RUNNING,2026-06-05 15:49:44
46.420744,15.861207,63.6,22.3,56.0,RUNNING,2026-06-05 15:49:49
46.224203,15.268422,42.9,15.8,42.6,WALKING,2026-06-05 15:49:54
46.233908,14.352599,62.1,25.3,50.0,CYCLING,2026-06-05 15:49:59
46.244958,14.352601,47.2,19.4,46.5,WALKING,2026-06-05 15:50:04
46.420539,15.863138,53.8,14.8,60.7,WALKING,2026-06-05 15:50:09
46.554238,15.653674,73.4,12.1,55.7,CYCLING,2026-06-05 15:50:15
46.354704,15.103669,87.2,15.7,75.1,CYCLING,2026-06-05 15:50:20
46.414634,15.866632,34.6,27.9,48.7,CYCLING,2026-06-05 15:50:25
45.806843,15.161724,71.0,20.1,59.6,WALKING,2026-06-05 15:50:30
46.060775,14.50391,38.7,13.0,47.4,WALKING,2026-06-05 15:50:35
46.554753,15.647421,66.9,14.5,57.6,CYCLING,2026-06-05 15:50:40
45.792282,15.16942,41.8,11.8,40.5,WALKING,2026-06-05 15:50:45
46.418239,15.87186,42.0,16.0,43.7,WALKING,2026-06-05 15:50:50
46.559412,15.642806,47.4,21.4,43.5,RUNNING,2026-06-05 15:50:55
46.409944,15.875771,68.7,14.0,66.4,RUNNING,2026-06-05 15:51:00
46.0507,14.506069,35.2,23.9,45.1,CYCLING,2026-06-05 15:51:05
45.543143,13.732477,63.2,19.1,51.3,RUNNING,2026-06-05 15:51:10
46.23355,15.261059,59.1,14.8,57.4,WALKING,2026-06-05 15:51:16
46.427881,15.879935,35.7,28.0,46.6,RUNNING,2026-06-05 15:51:21
46.244911,14.356126,81.7,15.3,80.6,RUNNING,2026-06-05 15:51:26
46.061412,14.509124,57.2,11.8,62.3,WALKING,2026-06-05 15:51:31
46.362776,15.114836,38.3,19.1,39.9,RUNNING,2026-06-05 15:51:36
46.240991,15.271549,77.2,18.3,62.7,CYCLING,2026-06-05 15:51:41
46.24166,14.348064,48.1,18.4,51.0,CYCLING,2026-06-05 15:51:46
45.554511,13.733252,72.8,22.2,72.3,WALKING,2026-06-05 15:51:51
46.243938,14.357008,62.5,27.4,66.3,RUNNING,2026-06-05 15:51:56
46.240104,14.35218,83.0,21.5,63.9,RUNNING,2026-06-05 15:52:01
46.550167,15.652109,82.9,19.4,74.3,RUNNING,2026-06-05 15:52:06
46.554259,15.649294,68.3,21.0,71.9,RUNNING,2026-06-05 15:52:11
45.796459,15.173347,33.4,22.7,40.1,CYCLING,2026-06-05 15:52:16
46.354201,15.111234,83.0,19.7,79.4,RUNNING,2026-06-05 15:52:22
45.808563,15.181194,46.5,21.3,53.2,CYCLING,2026-06-05 15:52:27
46.353542,15.116592,32.9,27.0,35.2,RUNNING,2026-06-05 15:52:32
46.546304,15.653295,48.4,18.0,58.8,WALKING,2026-06-05 15:52:37
46.061399,14.511345,41.4,27.2,48.9,RUNNING,2026-06-05 15:52:42
46.562944,15.651851,77.4,25.5,70.7,CYCLING,2026-06-05 15:52:47
45.793068,15.163435,56.0,24.8,53.0,WALKING,2026-06-05 15:52:52
46.24113,14.351371,54.1,10.9,53.4,RUNNING,2026-06-05 15:52:57
46.349637,15.115566,91.7,10.1,79.4,CYCLING,2026-06-05 15:53:02
46.352111,15.110819,78.0,10.1,74.2,RUNNING,2026-06-05 15:53:07
46.547546,15.655658,79.0,15.5,78.5,WALKING,2026-06-05 15:53:12
46.548359,15.645445,68.6,13.7,73.0,RUNNING,2026-06-05 15:53:17
46.427824,15.872855,56.8,23.2,58.7,WALKING,2026-06-05 15:53:22
46.052189,14.504663,57.7,14.1,52.6,CYCLING,2026-06-05 15:53:28
46.056363,14.503763,85.2,19.3,67.4,CYCLING,2026-06-05 15:53:33
46.555975,15.637213,56.4,23.1,48.2,RUNNING,2026-06-05 15:53:38
46.242492,14.353563,51.5,12.9,52.3,WALKING,2026-06-05 15:53:43
45.54371,13.730989,42.2,10.4,51.7,WALKING,2026-06-05 15:53:48
45.803155,15.166963,45.3,10.9,44.1,WALKING,2026-06-05 15:53:53
46.367711,15.116855,84.4,26.6,70.5,WALKING,2026-06-05 15:53:58
46.232846,14.363452,50.5,14.4,60.7,CYCLING,2026-06-05 15:54:03
46.238856,14.356113,60.6,10.8,62.3,RUNNING,2026-06-05 15:54:08
46.363957,15.117208,33.9,19.1,44.0,CYCLING,2026-06-05 15:54:13
46.418842,15.864363,83.3,25.0,74.5,WALKING,2026-06-05 15:54:18
46.23197,14.361785,36.3,18.8,45.2,WALKING,2026-06-05 15:54:23
46.230186,14.352836,94.8,27.8,71.9,RUNNING,2026-06-05 15:54:28
46.559835,15.655638,34.6,20.3,33.8,RUNNING,2026-06-05 15:54:33
46.054945,14.499555,37.6,20.9,47.0,CYCLING,2026-06-05 15:54:39
46.560201,15.651941,50.0,15.6,57.0,CYCLING,2026-06-05 15:54:44
46.426719,15.872477,80.4,14.8,78.5,CYCLING,2026-06-05 15:54:49
46.239526,15.269357,77.3,16.4,68.9,CYCLING,2026-06-05 15:54:54
46.225353,15.25396,84.7,22.8,83.7,WALKING,2026-06-05 15:54:59
46.243976,14.347117,40.1,11.1,48.5,WALKING,2026-06-05 15:55:04
46.054333,14.504388,40.2,12.6,47.9,WALKING,2026-06-05 15:55:09
45.809574,15.163263,87.4,20.1,68.8,CYCLING,2026-06-05 15:55:14
46.351786,15.108087,68.6,25.5,69.0,WALKING,2026-06-05 15:55:19
46.245303,14.346704,71.7,10.1,73.9,CYCLING,2026-06-05 15:55:24
46.23454,14.347857,52.3,22.0,48.8,WALKING,2026-06-05 15:55:29
45.802153,15.171828,76.3,15.4,77.2,RUNNING,2026-06-05 15:55:34
46.549961,15.645083,34.1,26.1,38.0,WALKING,2026-06-05 15:55:39
46.411994,15.86391,76.0,19.6,62.9,CYCLING,2026-06-05 15:55:44
46.244385,14.365698,55.3,10.4,60.9,RUNNING,2026-06-05 15:55:49
46.561095,15.648936,68.2,21.4,71.2,WALKING,2026-06-05 15:55:55
45.542761,13.726669,42.7,27.7,42.2,CYCLING,2026-06-05 15:56:00
46.545095,15.647159,82.6,11.4,73.4,WALKING,2026-06-05 15:56:05
46.553782,15.649428,40.8,22.7,41.2,CYCLING,2026-06-05 15:56:10
46.226,15.25607,45.4,25.3,47.1,CYCLING,2026-06-05 15:56:15
46.414029,15.876695,48.5,16.7,46.0,CYCLING,2026-06-05 15:56:20
46.428024,15.86655,45.4,20.4,42.8,RUNNING,2026-06-05 15:56:25
46.367755,15.103493,46.3,24.9,51.6,CYCLING,2026-06-05 15:56:30
45.539527,13.735905,57.3,14.8,56.9,WALKING,2026-06-05 15:56:35
45.547305,13.732201,62.0,24.4,65.2,RUNNING,2026-06-05 15:56:40
46.236581,14.355448,38.4,27.2,52.1,WALKING,2026-06-05 15:56:45
46.357186,15.102117,44.1,17.9,48.5,RUNNING,2026-06-05 15:56:50
46.545374,15.649011,64.4,17.8,65.7,WALKING,2026-06-05 15:56:55
46.229387,15.252814,32.4,24.1,47.2,WALKING,2026-06-05 15:57:01
46.230752,15.261056,46.2,19.0,47.9,CYCLING,2026-06-05 15:57:06
46.233571,15.269587,76.2,10.9,65.3,CYCLING,2026-06-05 15:57:11
46.053794,14.507703,76.4,27.0,80.1,WALKING,2026-06-05 15:57:16
45.808596,15.176442,80.6,13.4,75.3,WALKING,2026-06-05 15:57:21
46.222957,15.270309,90.6,22.0,74.3,RUNNING,2026-06-05 15:57:26
45.802395,15.17003,61.0,27.4,59.9,WALKING,2026-06-05 15:57:31
45.79319,15.166337,68.4,12.1,55.3,RUNNING,2026-06-05 15:57:36
46.564319,15.652314,35.5,26.5,48.0,RUNNING,2026-06-05 15:57:41
46.560701,15.64961,62.3,18.0,52.5,CYCLING,2026-06-05 15:57:46
46.241046,14.355713,42.6,19.9,40.4,RUNNING,2026-06-05 15:57:51
46.558014,15.643964,51.1,19.5,47.2,RUNNING,2026-06-05 15:57:56
45.794429,15.181115,37.8,18.3,40.1,CYCLING,2026-06-05 15:58:01
46.356697,15.111794,35.6,15.1,53.4,RUNNING,2026-06-05 15:58:07
46.233164,14.351096,89.4,25.0,81.3,CYCLING,2026-06-05 15:58:12
46.05326,14.509744,44.8,14.6,51.0,CYCLING,2026-06-05 15:58:17
46.4108,15.873293,31.7,20.6,34.2,RUNNING,2026-06-05 15:58:22
46.554887,15.655034,93.9,21.8,69.4,CYCLING,2026-06-05 15:58:27
46.563699,15.654251,44.0,10.6,54.2,RUNNING,2026-06-05 15:58:32
46.419468,15.879316,72.2,17.2,58.3,RUNNING,2026-06-05 15:58:37
46.419917,15.869972,37.9,16.9,39.1,CYCLING,2026-06-05 15:58:42
45.5387,13.727722,78.5,12.5,75.3,RUNNING,2026-06-05 15:58:47
46.561121,15.637101,76.4,22.6,72.9,WALKING,2026-06-05 15:58:52
45.552105,13.72993,80.1,12.7,67.3,RUNNING,2026-06-05 15:58:57
46.238868,14.354185,62.8,27.1,71.4,WALKING,2026-06-05 15:59:02
46.42415,15.872791,78.3,15.1,70.7,RUNNING,2026-06-05 15:59:07
46.420579,15.87489,49.3,25.3,49.5,CYCLING,2026-06-05 15:59:13
45.549486,13.72326,85.8,11.5,73.9,WALKING,2026-06-05 15:59:18
46.244736,14.360679,93.9,12.8,73.3,RUNNING,2026-06-05 15:59:23
46.41144,15.87575,45.7,19.6,56.6,CYCLING,2026-06-05 15:59:28
46.230301,14.360759,41.1,21.0,55.2,WALKING,2026-06-05 15:59:33
45.797445,15.173567,84.6,12.8,67.9,CYCLING,2026-06-05 15:59:38
46.237988,15.267121,77.8,11.8,61.6,RUNNING,2026-06-05 15:59:43
46.22696,15.259855,87.6,21.9,76.7,WALKING,2026-06-05 15:59:48
45.543649,13.721366,86.5,15.4,79.3,RUNNING,2026-06-05 15:59:53
46.233216,14.360499,40.4,20.3,35.8,CYCLING,2026-06-05 15:59:58
45.807378,15.16782,52.4,19.0,55.5,WALKING,2026-06-05 16:00:03
46.425503,15.878523,30.8,18.6,47.2,CYCLING,2026-06-05 16:00:08
45.54251,13.723203,63.4,25.7,49.5,CYCLING,2026-06-05 16:00:13
45.540114,13.738549,72.2,26.5,62.8,WALKING,2026-06-05 16:00:19
46.049145,14.510266,93.4,14.3,82.3,WALKING,2026-06-05 16:00:24
46.410719,15.878207,49.7,15.8,64.3,WALKING,2026-06-05 16:00:29
45.79915,15.18025,38.9,26.9,47.5,RUNNING,2026-06-05 16:00:34
46.049837,14.508211,90.6,21.6,70.9,CYCLING,2026-06-05 16:00:39
46.248792,14.355398,55.9,25.4,47.9,CYCLING,2026-06-05 16:00:44
46.247002,14.361652,60.5,17.9,55.7,CYCLING,2026-06-05 16:00:49
45.805943,15.170982,64.6,18.3,68.4,WALKING,2026-06-05 16:00:54
46.236176,15.262793,38.0,17.1,53.1,WALKING,2026-06-05 16:00:59
46.246288,14.36423,88.6,15.5,68.1,CYCLING,2026-06-05 16:01:04
46.237039,14.349421,33.1,27.2,40.3,WALKING,2026-06-05 16:01:09
45.791742,15.179997,61.5,11.6,61.9,CYCLING,2026-06-05 16:01:14
45.544832,13.721801,45.6,23.6,48.7,CYCLING,2026-06-05 16:01:19
46.368377,15.103499,87.7,21.7,74.4,CYCLING,2026-06-05 16:01:24
46.225144,15.257492,44.4,19.3,47.4,WALKING,2026-06-05 16:01:30
46.426359,15.871668,33.1,23.4,38.7,WALKING,2026-06-05 16:01:35
45.798834,15.178227,34.4,24.2,46.9,WALKING,2026-06-05 16:01:40
46.234585,15.258437,43.8,25.3,46.3,WALKING,2026-06-05 16:01:45
46.56074,15.653579,80.2,14.4,76.9,WALKING,2026-06-05 16:01:50
45.544804,13.727995,63.8,27.2,55.1,WALKING,2026-06-05 16:01:55
46.364333,15.10885,47.2,19.8,54.8,WALKING,2026-06-05 16:02:00
46.222487,15.266181,78.1,14.8,59.5,CYCLING,2026-06-05 16:02:05
46.423122,15.865972,41.1,19.4,38.4,RUNNING,2026-06-05 16:02:10
45.556537,13.724667,31.3,20.7,39.0,RUNNING,2026-06-05 16:02:15
46.053337,14.508164,34.5,20.7,49.8,CYCLING,2026-06-05 16:02:20
46.427173,15.867387,30.1,12.3,34.3,RUNNING,2026-06-05 16:02:26
45.542542,13.723821,94.9,18.3,87.4,CYCLING,2026-06-05 16:02:31
46.428165,15.878431,35.2,26.7,47.3,WALKING,2026-06-05 16:02:36
46.230545,14.361265,53.5,12.3,54.0,RUNNING,2026-06-05 16:02:41
46.221985,15.253736,86.6,23.7,73.2,CYCLING,2026-06-05 16:02:46
46.418701,15.8697,46.8,20.6,58.3,CYCLING,2026-06-05 16:02:51
45.547473,13.721176,64.4,26.9,61.0,WALKING,2026-06-05 16:02:56
46.053434,14.498828,69.5,18.2,64.7,WALKING,2026-06-05 16:03:01
46.056872,14.513752,60.7,16.6,57.5,WALKING,2026-06-05 16:03:06
45.793364,15.173303,31.2,12.8,32.7,RUNNING,2026-06-05 16:03:11
46.23098,14.352332,49.7,23.9,55.6,RUNNING,2026-06-05 16:03:16
46.23338,14.346513,37.2,10.2,43.4,RUNNING,2026-06-05 16:03:21
46.54586,15.65155,89.6,24.2,77.9,CYCLING,2026-06-05 16:03:26
46.221935,15.256397,36.7,20.8,44.0,RUNNING,2026-06-05 16:03:31
45.53731,13.719699,33.7,20.1,51.6,RUNNING,2026-06-05 16:03:37
46.050801,14.49601,81.0,11.5,76.5,CYCLING,2026-06-05 16:03:42
46.556731,15.637136,90.6,14.8,68.6,RUNNING,2026-06-05 16:03:47
46.223033,15.255602,35.7,15.2,37.0,WALKING,2026-06-05 16:03:52
46.238363,15.260981,86.4,20.0,78.8,WALKING,2026-06-05 16:03:57
46.418075,15.868051,31.9,22.8,35.2,CYCLING,2026-06-05 16:04:02
45.550586,13.720897,71.5,13.8,56.4,RUNNING,2026-06-05 16:04:07
46.549401,15.648883,71.1,18.8,64.4,WALKING,2026-06-05 16:04:12
46.429539,15.868649,78.8,21.8,63.5,CYCLING,2026-06-05 16:04:17
46.421988,15.875578,55.2,24.7,54.9,WALKING,2026-06-05 16:04:22
46.232488,14.352614,54.8,17.6,61.9,CYCLING,2026-06-05 16:04:27
46.411251,15.864128,35.2,25.4,51.4,WALKING,2026-06-05 16:04:32
46.229254,15.264338,85.1,12.0,75.2,CYCLING,2026-06-05 16:04:38
46.240799,14.36289,32.2,16.9,47.8,RUNNING,2026-06-05 16:04:43
46.241994,14.347476,35.0,28.0,42.6,RUNNING,2026-06-05 16:04:48
46.233073,14.355204,30.7,11.6,34.9,CYCLING,2026-06-05 16:04:53
46.237041,15.256251,32.4,16.6,48.1,WALKING,2026-06-05 16:04:58
46.060277,14.50349,43.2,15.4,54.8,RUNNING,2026-06-05 16:05:03
46.352154,15.104263,79.1,21.6,59.2,CYCLING,2026-06-05 16:05:08
46.046977,14.506986,69.5,23.4,56.2,CYCLING,2026-06-05 16:05:13
45.541256,13.736048,85.6,19.7,63.4,CYCLING,2026-06-05 16:05:18
46.429073,15.86959,36.1,17.5,41.8,CYCLING,2026-06-05 16:05:23
46.052575,14.508864,87.2,24.5,75.3,CYCLING,2026-06-05 16:05:28
45.794421,15.180661,75.6,19.0,75.1,WALKING,2026-06-05 16:05:33
46.226556,15.260172,77.6,15.2,59.6,RUNNING,2026-06-05 16:05:39
46.427222,15.875585,44.1,27.6,56.9,CYCLING,2026-06-05 16:05:44
46.229695,15.255132,68.0,19.5,56.7,WALKING,2026-06-05 16:05:49
46.240024,15.272736,53.6,10.4,58.5,CYCLING,2026-06-05 16:05:54
46.361688,15.101325,84.0,22.4,66.9,RUNNING,2026-06-05 16:05:59
46.222369,15.258663,60.6,21.5,56.7,CYCLING,2026-06-05 16:06:04
45.801234,15.173153,77.9,14.4,67.7,CYCLING,2026-06-05 16:06:09
46.240243,14.354379,37.3,23.3,56.6,WALKING,2026-06-05 16:06:14
46.059856,14.499945,80.9,11.4,68.6,CYCLING,2026-06-05 16:06:19
46.359847,15.101403,76.8,20.0,63.7,WALKING,2026-06-05 16:06:24
46.053692,14.512732,50.4,27.6,55.4,WALKING,2026-06-05 16:06:29
46.556065,15.64689,37.0,15.8,47.4,WALKING,2026-06-05 16:06:34
46.554999,15.636769,46.7,15.7,53.9,WALKING,2026-06-05 16:06:39
46.418694,15.879924,72.0,19.9,67.9,RUNNING,2026-06-05 16:06:44
46.248808,14.360948,51.8,20.8,59.2,RUNNING,2026-06-05 16:06:50
46.233921,15.256745,36.1,19.7,43.5,WALKING,2026-06-05 16:06:55
45.795578,15.164685,49.7,21.1,56.6,CYCLING,2026-06-05 16:07:00
46.231668,15.254909,31.7,25.7,42.3,WALKING,2026-06-05 16:07:05
46.235111,14.345763,65.1,24.0,64.8,RUNNING,2026-06-05 16:07:10
45.539865,13.721523,37.5,22.3,46.3,WALKING,2026-06-05 16:07:15
45.540869,13.738856,79.2,10.2,75.2,WALKING,2026-06-05 16:07:20
46.240575,15.267995,47.7,12.7,44.4,CYCLING,2026-06-05 16:07:25
46.550133,15.648599,51.0,14.5,58.2,RUNNING,2026-06-05 16:07:30
46.2379,14.353577,92.4,24.9,81.9,RUNNING,2026-06-05 16:07:35
46.42047,15.878499,45.2,18.7,43.2,RUNNING,2026-06-05 16:07:40
46.244217,14.346639,87.7,19.6,69.1,RUNNING,2026-06-05 16:07:45
46.224486,15.272551,75.6,21.8,66.0,RUNNING,2026-06-05 16:07:51
46.561288,15.64608,76.1,25.3,76.0,WALKING,2026-06-05 16:07:56
46.556376,15.646875,83.5,19.9,81.0,CYCLING,2026-06-05 16:08:01
46.058877,14.508909,69.6,17.9,72.7,WALKING,2026-06-05 16:08:06
46.419167,15.866256,80.7,18.0,81.1,WALKING,2026-06-05 16:08:11
46.058803,14.513231,62.2,17.4,62.5,RUNNING,2026-06-05 16:08:16
46.553838,15.655237,68.0,12.8,56.2,WALKING,2026-06-05 16:08:21
45.794734,15.171372,30.1,10.8,47.2,WALKING,2026-06-05 16:08:26
45.804359,15.178641,62.5,10.4,67.0,WALKING,2026-06-05 16:08:31
45.794473,15.174325,37.5,15.3,41.0,CYCLING,2026-06-05 16:08:36
46.052529,14.512399,65.0,17.8,62.7,RUNNING,2026-06-05 16:08:41
46.426562,15.870646,52.6,21.7,57.9,RUNNING,2026-06-05 16:08:46
46.557386,15.643593,59.8,26.1,65.9,RUNNING,2026-06-05 16:08:51
46.349519,15.11623,67.2,18.6,70.2,RUNNING,2026-06-05 16:08:57
46.548473,15.650379,53.8,15.7,58.0,RUNNING,2026-06-05 16:09:02
45.5395,13.729166,59.2,13.5,64.8,WALKING,2026-06-05 16:09:07
45.552449,13.738466,92.2,19.5,80.0,WALKING,2026-06-05 16:09:12
45.806362,15.17631,30.1,10.5,44.9,WALKING,2026-06-05 16:09:17
45.542002,13.721883,31.9,22.1,32.3,RUNNING,2026-06-05 16:09:22
46.06629,14.500591,62.1,21.4,56.0,CYCLING,2026-06-05 16:09:27
45.543999,13.73783,50.2,26.6,58.4,RUNNING,2026-06-05 16:09:32
46.414824,15.863254,92.2,11.6,83.8,CYCLING,2026-06-05 16:09:37
46.23908,14.364506,31.7,17.1,53.1,WALKING,2026-06-05 16:09:42
46.362725,15.115437,92.1,24.9,88.0,WALKING,2026-06-05 16:09:47
46.419903,15.862681,94.8,24.9,74.8,RUNNING,2026-06-05 16:09:52
45.798799,15.163074,34.3,14.9,37.6,CYCLING,2026-06-05 16:09:57
46.55394,15.644797,68.7,27.2,71.0,RUNNING,2026-06-05 16:10:02
46.549001,15.645242,38.3,16.8,37.3,RUNNING,2026-06-05 16:10:08
46.414319,15.87385,75.0,14.0,73.3,WALKING,2026-06-05 16:10:13
46.415719,15.869983,32.1,17.5,32.5,CYCLING,2026-06-05 16:10:18
46.426593,15.879837,59.9,11.8,57.8,RUNNING,2026-06-05 16:10:23
45.546581,13.735912,49.1,12.8,46.2,RUNNING,2026-06-05 16:10:28
46.221306,15.267506,69.1,23.8,70.6,RUNNING,2026-06-05 16:10:33
46.55237,15.653328,80.1,13.6,75.7,WALKING,2026-06-05 16:10:38
46.546375,15.651652,91.4,16.0,74.5,RUNNING,2026-06-05 16:10:43
45.806814,15.163562,90.8,27.5,76.9,WALKING,2026-06-05 16:10:48
46.238177,15.259148,36.6,14.5,39.3,WALKING,2026-06-05 16:10:53
46.230392,14.34827,67.9,24.3,67.1,CYCLING,2026-06-05 16:10:58
46.562142,15.645094,82.8,25.9,64.8,CYCLING,2026-06-05 16:11:03
46.562758,15.645464,78.0,26.7,72.5,RUNNING,2026-06-05 16:11:09
46.556327,15.646549,83.0,18.3,70.2,WALKING,2026-06-05 16:11:14
46.364883,15.104605,40.1,12.6,45.7,CYCLING,2026-06-05 16:11:19
46.233233,15.262365,51.4,10.3,61.3,RUNNING,2026-06-05 16:11:24
45.795322,15.171111,40.8,19.5,46.4,CYCLING,2026-06-05 16:11:29
46.229418,14.357528,64.1,22.0,71.1,WALKING,2026-06-05 16:11:34
46.241664,14.34742,77.6,24.0,59.7,CYCLING,2026-06-05 16:11:39
46.061774,14.509659,50.3,16.2,53.3,WALKING,2026-06-05 16:11:44
46.429578,15.865591,66.7,25.8,56.5,RUNNING,2026-06-05 16:11:49
46.048758,14.511559,40.2,19.8,58.7,WALKING,2026-06-05 16:11:54
45.797984,15.16534,40.6,16.3,43.4,RUNNING,2026-06-05 16:11:59
45.545575,13.725661,34.6,13.4,45.6,RUNNING,2026-06-05 16:12:04
45.790633,15.180928,31.0,13.6,31.0,CYCLING,2026-06-05 16:12:09
46.411705,15.865146,42.1,23.4,46.6,CYCLING,2026-06-05 16:12:14
46.235749,14.364264,61.8,19.9,61.9,WALKING,2026-06-05 16:12:19
46.355267,15.114314,94.7,18.8,77.7,CYCLING,2026-06-05 16:12:25
46.04992,14.499419,49.4,16.9,48.7,RUNNING,2026-06-05 16:12:30
46.369033,15.105482,85.7,10.5,74.8,RUNNING,2026-06-05 16:12:35
46.557489,15.644076,75.6,18.3,61.6,CYCLING,2026-06-05 16:12:40
46.550685,15.638653,50.6,10.0,48.6,CYCLING,2026-06-05 16:12:45
46.353617,15.104325,80.3,16.3,75.8,CYCLING,2026-06-05 16:12:50
46.235813,15.253042,76.7,21.3,59.3,CYCLING,2026-06-05 16:12:55
46.226282,15.255947,67.9,19.1,71.9,RUNNING,2026-06-05 16:13:00
46.234621,15.254677,62.3,17.3,51.2,CYCLING,2026-06-05 16:13:06
45.792457,15.16271,94.1,25.5,69.7,RUNNING,2026-06-05 16:13:11
46.420504,15.868308,73.2,23.4,65.6,CYCLING,2026-06-05 16:13:16
46.05194,14.510426,56.0,10.9,54.8,CYCLING,2026-06-05 16:13:21
46.237624,14.360105,90.6,21.9,77.1,WALKING,2026-06-05 16:13:26
46.423961,15.87556,70.7,13.4,64.7,RUNNING,2026-06-05 16:13:31
45.542041,13.723351,33.0,21.0,48.2,RUNNING,2026-06-05 16:13:36
46.237179,15.260232,44.4,15.2,56.1,WALKING,2026-06-05 16:13:41
45.545811,13.731078,53.6,27.7,56.8,WALKING,2026-06-05 16:13:46
46.550466,15.637371,54.2,15.5,62.3,WALKING,2026-06-05 16:13:51
45.542212,13.719966,60.3,21.8,60.5,RUNNING,2026-06-05 16:13:56
46.23685,14.351973,66.2,26.5,67.8,RUNNING,2026-06-05 16:14:01
45.542415,13.719513,71.0,20.1,67.5,WALKING,2026-06-05 16:14:06
46.425016,15.861228,41.1,26.8,57.5,WALKING,2026-06-05 16:14:12
46.236264,14.356219,84.7,25.8,79.6,CYCLING,2026-06-05 16:14:17
46.418777,15.876737,64.9,12.0,70.5,WALKING,2026-06-05 16:14:22
46.238202,15.267907,30.7,19.1,36.9,WALKING,2026-06-05 16:14:27
46.239252,14.355529,57.3,24.5,52.9,CYCLING,2026-06-05 16:14:32
46.553662,15.64455,72.8,21.7,60.2,CYCLING,2026-06-05 16:14:37
45.806355,15.175558,47.2,19.4,55.4,WALKING,2026-06-05 16:14:42
46.546578,15.64895,94.5,18.4,82.9,RUNNING,2026-06-05 16:14:47
46.247379,14.35351,89.1,21.9,83.4,CYCLING,2026-06-05 16:14:52
46.349649,15.114575,81.9,20.3,73.0,CYCLING,2026-06-05 16:14:57
46.418404,15.870295,50.9,27.6,54.3,WALKING,2026-06-05 16:15:02
46.23046,14.353501,86.0,24.0,65.5,CYCLING,2026-06-05 16:15:07
46.549846,15.653405,74.7,11.0,61.2,RUNNING,2026-06-05 16:15:13
46.357309,15.107927,32.6,15.2,51.7,RUNNING,2026-06-05 16:15:18
46.061904,14.512464,77.8,22.9,63.2,WALKING,2026-06-05 16:15:23
46.056792,14.512092,31.3,22.7,45.6,WALKING,2026-06-05 16:15:28
45.80749,15.169813,89.6,26.0,69.5,RUNNING,2026-06-05 16:15:33
45.542116,13.737556,77.3,25.6,63.8,WALKING,2026-06-05 16:15:38
46.230817,15.266441,68.7,27.4,56.8,CYCLING,2026-06-05 16:15:43
46.230693,15.256553,84.3,14.7,65.4,CYCLING,2026-06-05 16:15:48
46.555409,15.639707,40.3,13.5,40.1,WALKING,2026-06-05 16:15:53
46.22611,15.264611,71.4,11.8,66.1,WALKING,2026-06-05 16:15:58
46.050852,14.504237,57.1,20.4,58.7,RUNNING,2026-06-05 16:16:03
46.226655,15.264002,77.4,19.5,74.2,RUNNING,2026-06-05 16:16:08
46.240227,14.3524,55.1,22.0,49.1,WALKING,2026-06-05 16:16:13
46.230148,14.353032,45.6,21.7,52.8,RUNNING,2026-06-05 16:16:18
45.794765,15.168818,38.8,11.6,45.5,WALKING,2026-06-05 16:16:24
45.794441,15.180741,82.1,17.9,64.8,CYCLING,2026-06-05 16:16:29
46.369177,15.105542,57.6,25.9,53.1,RUNNING,2026-06-05 16:16:34
45.802757,15.180934,70.9,14.0,66.6,CYCLING,2026-06-05 16:16:39
46.047491,14.509747,90.9,14.0,79.2,CYCLING,2026-06-05 16:16:44
46.545087,15.640105,84.9,12.4,67.9,WALKING,2026-06-05 16:16:49
46.054046,14.498319,58.3,28.0,60.8,RUNNING,2026-06-05 16:16:54
46.247624,14.35212,59.0,10.6,50.0,CYCLING,2026-06-05 16:16:59
46.360121,15.115349,53.3,20.9,49.2,RUNNING,2026-06-05 16:17:04
45.541556,13.728738,86.5,14.4,76.8,WALKING,2026-06-05 16:17:09
46.232286,14.359986,56.1,23.9,51.0,WALKING,2026-06-05 16:17:14
46.416707,15.869528,69.8,22.5,63.5,WALKING,2026-06-05 16:17:19
46.423957,15.865975,38.5,16.7,55.7,WALKING,2026-06-05 16:17:25
46.237032,15.256532,58.9,10.3,61.3,WALKING,2026-06-05 16:17:30
46.362822,15.115065,67.1,13.5,55.4,CYCLING,2026-06-05 16:17:35
45.797803,15.178138,30.9,12.5,36.1,RUNNING,2026-06-05 16:17:40
46.356054,15.102562,44.7,22.2,42.1,CYCLING,2026-06-05 16:17:45
46.564019,15.642668,58.3,14.1,53.8,WALKING,2026-06-05 16:17:50
46.047523,14.514527,91.8,16.9,84.0,RUNNING,2026-06-05 16:17:55
46.367971,15.117141,42.5,26.7,57.3,WALKING,2026-06-05 16:18:00
45.793111,15.164233,61.7,17.4,58.3,RUNNING,2026-06-05 16:18:05
46.22957,15.260856,40.9,23.0,54.5,WALKING,2026-06-05 16:18:10
46.224954,15.26157,41.9,18.5,41.0,CYCLING,2026-06-05 16:18:15
46.415219,15.868567,85.3,17.9,64.6,RUNNING,2026-06-05 16:18:20
46.230296,14.3579,92.5,25.0,79.6,RUNNING,2026-06-05 16:18:26
46.236753,15.264179,45.1,12.0,55.2,RUNNING,2026-06-05 16:18:31
46.418557,15.863305,67.7,18.9,69.0,RUNNING,2026-06-05 16:18:36
46.049881,14.499907,35.7,19.9,48.3,WALKING,2026-06-05 16:18:41
46.564241,15.637837,55.5,12.1,48.8,RUNNING,2026-06-05 16:18:46
46.230688,15.271706,38.9,19.1,50.3,WALKING,2026-06-05 16:18:51
46.367001,15.121168,33.3,18.3,40.9,CYCLING,2026-06-05 16:18:56
46.410484,15.867772,89.7,22.3,71.5,CYCLING,2026-06-05 16:19:01
46.415877,15.866492,75.9,18.4,75.0,CYCLING,2026-06-05 16:19:06
46.050948,14.499829,62.0,19.2,55.0,RUNNING,2026-06-05 16:19:11
46.564327,15.652387,37.6,13.1,53.5,CYCLING,2026-06-05 16:19:16
46.410596,15.879906,80.5,18.3,78.9,RUNNING,2026-06-05 16:19:21
46.560341,15.650622,33.1,22.5,44.5,WALKING,2026-06-05 16:19:26
46.245529,14.356598,36.0,19.7,40.0,RUNNING,2026-06-05 16:19:32
46.428389,15.868502,57.3,16.0,52.3,RUNNING,2026-06-05 16:19:37
46.549729,15.653843,74.4,16.8,61.7,WALKING,2026-06-05 16:19:42
46.233171,14.358966,52.6,23.1,59.4,CYCLING,2026-06-05 16:19:47
45.545402,13.723784,70.1,23.2,63.1,RUNNING,2026-06-05 16:19:52
46.553321,15.642103,30.2,27.0,41.7,CYCLING,2026-06-05 16:19:57
46.227221,15.270596,56.1,11.0,65.8,WALKING,2026-06-05 16:20:02
46.354959,15.121288,36.9,25.0,56.5,WALKING,2026-06-05 16:20:07
46.357081,15.113972,36.0,23.2,35.9,RUNNING,2026-06-05 16:20:12
46.230233,15.268139,34.3,14.7,45.6,RUNNING,2026-06-05 16:20:17
46.42692,15.864638,37.9,22.3,51.8,RUNNING,2026-06-05 16:20:22
46.564234,15.639684,33.8,25.9,41.2,RUNNING,2026-06-05 16:20:27
46.360925,15.107431,41.7,10.0,47.2,CYCLING,2026-06-05 16:20:33
46.238263,14.352833,30.3,18.4,50.1,RUNNING,2026-06-05 16:20:38
46.245033,14.350201,67.1,10.5,58.9,CYCLING,2026-06-05 16:20:43
46.423839,15.867496,69.7,21.2,71.0,WALKING,2026-06-05 16:20:48
46.239836,15.264566,34.3,21.8,47.0,RUNNING,2026-06-05 16:20:53
45.537901,13.720026,38.3,14.3,39.7,RUNNING,2026-06-05 16:20:58
46.556125,15.650934,69.4,25.1,61.9,RUNNING,2026-06-05 16:21:03
46.233,14.356402,35.7,13.6,44.9,RUNNING,2026-06-05 16:21:08
46.06211,14.499864,48.9,16.0,49.2,CYCLING,2026-06-05 16:21:13
46.352988,15.102521,94.7,25.6,76.4,WALKING,2026-06-05 16:21:18
46.221915,15.26303,78.2,12.7,78.8,WALKING,2026-06-05 16:21:23
45.545391,13.73365,37.0,14.2,39.6,WALKING,2026-06-05 16:21:28
46.35099,15.103126,54.3,12.4,51.2,CYCLING,2026-06-05 16:21:34
46.426862,15.862257,59.3,18.3,62.0,CYCLING,2026-06-05 16:21:39
46.232501,14.363082,83.7,25.5,67.8,RUNNING,2026-06-05 16:21:44
45.548871,13.73086,61.3,14.6,48.3,CYCLING,2026-06-05 16:21:49
46.353433,15.10739,58.6,23.8,64.9,RUNNING,2026-06-05 16:21:54
46.549737,15.64809,58.5,15.0,65.7,WALKING,2026-06-05 16:21:59
46.237464,14.349032,56.0,27.9,51.4,WALKING,2026-06-05 16:22:04
46.561906,15.652634,56.0,17.5,53.4,WALKING,2026-06-05 16:22:09
45.546172,13.739326,83.8,12.4,64.5,CYCLING,2026-06-05 16:22:14
46.060572,14.513004,77.9,24.0,64.9,WALKING,2026-06-05 16:22:19
45.804691,15.164401,81.9,12.3,67.5,WALKING,2026-06-05 16:22:24
45.540483,13.729372,51.1,16.4,51.1,WALKING,2026-06-05 16:22:29
46.225987,15.263389,44.4,24.7,51.4,WALKING,2026-06-05 16:22:34
46.04695,14.508114,94.3,13.5,82.6,RUNNING,2026-06-05 16:22:40
46.550212,15.649887,88.0,24.2,71.5,WALKING,2026-06-05 16:22:45
46.420509,15.870205,79.6,21.1,72.4,CYCLING,2026-06-05 16:22:50
46.22708,15.256972,71.3,26.0,59.6,RUNNING,2026-06-05 16:22:55
46.059959,14.510247,46.9,17.1,55.1,CYCLING,2026-06-05 16:23:00
46.050212,14.506084,70.1,18.2,57.8,RUNNING,2026-06-05 16:23:05
45.790149,15.162975,80.2,15.6,65.1,CYCLING,2026-06-05 16:23:10
46.233074,14.363108,56.5,24.2,61.6,CYCLING,2026-06-05 16:23:15
46.546557,15.642108,31.9,11.6,35.4,WALKING,2026-06-05 16:23:20
46.237036,15.25708,66.7,18.3,54.6,CYCLING,2026-06-05 16:23:25
46.238736,14.356695,77.3,22.9,78.9,RUNNING,2026-06-05 16:23:30
46.353337,15.110817,54.5,19.6,62.5,WALKING,2026-06-05 16:23:35
46.353894,15.111515,61.8,14.0,66.9,RUNNING,2026-06-05 16:23:40
45.798832,15.167553,56.5,18.8,67.5,WALKING,2026-06-05 16:23:46
46.356671,15.10664,51.7,20.3,64.8,WALKING,2026-06-05 16:23:51
45.804859,15.162938,42.4,22.9,55.9,RUNNING,2026-06-05 16:23:56
46.235406,14.362848,47.1,17.8,47.0,RUNNING,2026-06-05 16:24:01
45.803412,15.174384,80.8,23.7,69.9,RUNNING,2026-06-05 16:24:06
46.421626,15.877323,81.3,20.5,81.7,RUNNING,2026-06-05 16:24:11
46.058483,14.507843,43.8,24.5,49.8,WALKING,2026-06-05 16:24:16
45.549204,13.736407,66.3,26.9,60.8,RUNNING,2026-06-05 16:24:21
46.547026,15.644637,31.4,19.7,42.3,RUNNING,2026-06-05 16:24:26
45.794476,15.164693,45.5,26.0,46.4,RUNNING,2026-06-05 16:24:31
46.546078,15.650442,30.1,26.4,42.4,RUNNING,2026-06-05 16:24:36
45.537848,13.726627,91.4,22.5,87.2,RUNNING,2026-06-05 16:24:41
45.542071,13.727208,69.5,16.1,68.5,RUNNING,2026-06-05 16:24:47
45.543315,13.726365,43.2,27.9,46.7,CYCLING,2026-06-05 16:24:52
45.804565,15.1624,60.5,16.0,49.7,RUNNING,2026-06-05 16:24:57
45.796232,15.172355,92.1,13.3,88.2,RUNNING,2026-06-05 16:25:02
46.551346,15.655779,45.9,21.8,44.2,RUNNING,2026-06-05 16:25:07
46.560587,15.639895,45.7,27.8,47.8,CYCLING,2026-06-05 16:25:12
45.555519,13.727686,43.0,23.8,47.6,RUNNING,2026-06-05 16:25:17
46.557636,15.652942,39.7,27.1,41.0,RUNNING,2026-06-05 16:25:22
45.806879,15.175416,80.0,22.7,66.7,WALKING,2026-06-05 16:25:27
46.242201,14.351067,60.9,15.6,55.6,RUNNING,2026-06-05 16:25:32
46.057679,14.515076,65.5,26.1,57.8,CYCLING,2026-06-05 16:25:37
46.546604,15.650464,87.5,18.0,66.2,CYCLING,2026-06-05 16:25:42
46.239501,14.346375,61.4,11.3,69.6,WALKING,2026-06-05 16:25:47
45.554017,13.725843,74.2,13.7,70.2,RUNNING,2026-06-05 16:25:53
46.245816,14.355573,79.5,10.2,74.5,RUNNING,2026-06-05 16:25:58
46.236671,14.354345,75.2,27.9,77.4,RUNNING,2026-06-05 16:26:03
46.556583,15.6536,78.5,20.7,63.7,RUNNING,2026-06-05 16:26:08
46.561575,15.64448,49.6,23.1,52.4,WALKING,2026-06-05 16:26:13
46.415258,15.875942,73.7,11.5,72.0,RUNNING,2026-06-05 16:26:18
46.360919,15.115504,47.5,18.1,58.0,WALKING,2026-06-05 16:26:23
46.548898,15.636626,94.3,22.2,79.4,RUNNING,2026-06-05 16:26:28
46.418268,15.875915,80.4,14.0,63.0,RUNNING,2026-06-05 16:26:33
45.79572,15.16932,66.4,22.2,57.9,CYCLING,2026-06-05 16:26:38
46.354572,15.105009,41.8,15.9,53.9,CYCLING,2026-06-05 16:26:43
45.539577,13.729129,38.7,13.9,40.1,WALKING,2026-06-05 16:26:49
45.549075,13.724568,86.5,21.6,68.4,WALKING,2026-06-05 16:26:54
45.794261,15.165286,40.0,19.8,39.3,RUNNING,2026-06-05 16:26:59
46.230089,14.351259,62.2,14.1,59.2,RUNNING,2026-06-05 16:27:04
46.416759,15.874086,72.7,20.8,68.3,WALKING,2026-06-05 16:27:09
46.4124,15.879775,31.8,24.9,31.5,CYCLING,2026-06-05 16:27:14
46.235731,14.350499,55.5,23.9,64.1,RUNNING,2026-06-05 16:27:19
46.422718,15.873864,39.1,20.7,56.0,WALKING,2026-06-05 16:27:24
46.223142,15.253763,58.4,19.3,62.3,RUNNING,2026-06-05 16:27:29
45.552036,13.730033,30.1,13.4,30.9,CYCLING,2026-06-05 16:27:34
46.558637,15.650945,75.9,15.7,60.0,RUNNING,2026-06-05 16:27:39
46.235195,15.270749,64.8,15.9,54.7,CYCLING,2026-06-05 16:27:44
46.245661,14.361047,42.3,18.3,58.1,RUNNING,2026-06-05 16:27:49
46.235233,14.354888,45.5,24.2,43.9,RUNNING,2026-06-05 16:27:55
46.238925,14.35852,61.8,17.3,55.6,CYCLING,2026-06-05 16:28:00
46.365128,15.104769,92.3,26.0,81.8,CYCLING,2026-06-05 16:28:05
46.24517,14.347531,45.3,26.2,44.0,RUNNING,2026-06-05 16:28:10
46.235638,15.260337,74.5,21.7,70.6,WALKING,2026-06-05 16:28:15
46.062625,14.505911,40.7,23.4,47.0,RUNNING,2026-06-05 16:28:20
45.804315,15.179801,63.0,18.4,66.8,WALKING,2026-06-05 16:28:25
45.546663,13.727791,62.3,10.3,57.4,RUNNING,2026-06-05 16:28:30
46.230275,14.360521,91.0,27.3,71.8,WALKING,2026-06-05 16:28:35
46.230929,14.34703,58.3,24.1,56.8,WALKING,2026-06-05 16:28:40
46.556006,15.655842,48.4,22.1,56.2,RUNNING,2026-06-05 16:28:45
46.361583,15.115534,48.6,27.2,45.3,CYCLING,2026-06-05 16:28:50
45.555005,13.733792,89.5,25.2,77.2,RUNNING,2026-06-05 16:28:55
45.796088,15.165279,32.2,26.3,35.3,CYCLING,2026-06-05 16:29:01
46.363907,15.115363,32.2,10.4,50.0,WALKING,2026-06-05 16:29:06
46.411765,15.873314,74.9,12.3,70.1,CYCLING,2026-06-05 16:29:11
45.53767,13.725491,45.6,22.6,48.6,WALKING,2026-06-05 16:29:16
46.426916,15.871694,94.6,25.1,84.9,WALKING,2026-06-05 16:29:21
46.229998,14.355026,65.2,20.4,57.3,CYCLING,2026-06-05 16:29:26
46.222908,15.262491,87.1,10.9,83.8,WALKING,2026-06-05 16:29:31
46.356477,15.106299,49.6,20.2,54.6,CYCLING,2026-06-05 16:29:36
46.412388,15.860907,47.1,20.9,56.2,WALKING,2026-06-05 16:29:41
46.243117,14.348478,35.9,12.9,39.6,RUNNING,2026-06-05 16:29:46
46.428304,15.876244,47.2,22.7,49.3,WALKING,2026-06-05 16:29:51
46.414325,15.868137,53.9,12.4,60.2,WALKING,2026-06-05 16:29:56
46.427166,15.874535,49.0,22.3,61.0,RUNNING,2026-06-05 16:30:01
46.232894,14.359293,48.6,22.3,51.2,CYCLING,2026-06-05 16:30:06
46.24081,15.27126,34.0,27.6,47.8,WALKING,2026-06-05 16:30:12
46.422642,15.875821,59.6,22.8,59.4,CYCLING,2026-06-05 16:30:17
46.550593,15.649436,60.0,23.5,56.4,WALKING,2026-06-05 16:30:22
46.36784,15.107527,62.9,14.2,63.5,RUNNING,2026-06-05 16:30:27
46.060929,14.514577,53.6,10.3,45.4,CYCLING,2026-06-05 16:30:32
46.413539,15.869826,94.0,10.8,81.8,CYCLING,2026-06-05 16:30:37
46.353605,15.103211,88.8,26.7,78.3,WALKING,2026-06-05 16:30:42
46.553099,15.639605,50.0,24.6,50.1,CYCLING,2026-06-05 16:30:47
46.233563,15.258646,93.8,15.6,90.5,WALKING,2026-06-05 16:30:52
45.554997,13.724053,41.5,25.7,36.3,CYCLING,2026-06-05 16:30:57
45.543908,13.723386,82.4,28.0,80.3,WALKING,2026-06-05 16:31:02
45.803532,15.164379,46.1,24.1,50.1,RUNNING,2026-06-05 16:31:07
46.246761,14.348965,34.4,11.0,45.0,RUNNING,2026-06-05 16:31:12
45.794358,15.172509,38.6,18.2,48.7,CYCLING,2026-06-05 16:31:18
46.426719,15.860544,62.9,26.8,55.0,RUNNING,2026-06-05 16:31:23
45.554496,13.724544,71.2,20.2,64.8,RUNNING,2026-06-05 16:31:28
46.420861,15.862963,30.2,20.2,41.9,CYCLING,2026-06-05 16:31:33
46.558415,15.646017,75.9,25.5,67.0,RUNNING,2026-06-05 16:31:38
45.806039,15.170816,54.8,26.2,54.7,RUNNING,2026-06-05 16:31:43
46.36092,15.104057,87.0,22.2,75.5,WALKING,2026-06-05 16:31:48
46.053334,14.505656,74.4,25.5,73.4,WALKING,2026-06-05 16:31:53
45.545725,13.736648,31.4,12.7,38.1,CYCLING,2026-06-05 16:31:58
46.549383,15.649596,68.2,23.7,62.5,RUNNING,2026-06-05 16:32:03
46.416634,15.861947,43.4,23.9,47.0,RUNNING,2026-06-05 16:32:08
45.79255,15.173954,42.9,24.6,51.4,CYCLING,2026-06-05 16:32:13
46.563771,15.641501,83.8,12.0,66.0,WALKING,2026-06-05 16:32:18
46.236459,14.361963,81.4,21.8,65.4,WALKING,2026-06-05 16:32:24
46.555197,15.653077,68.4,15.2,53.3,CYCLING,2026-06-05 16:32:29
46.056485,14.505806,54.1,12.8,61.5,RUNNING,2026-06-05 16:32:34
46.364952,15.108366,63.1,27.4,59.6,WALKING,2026-06-05 16:32:39
46.059863,14.515665,52.8,13.0,60.1,RUNNING,2026-06-05 16:32:44
46.554017,15.650716,31.9,10.2,38.7,CYCLING,2026-06-05 16:32:49
46.238304,15.269872,69.2,13.7,70.4,WALKING,2026-06-05 16:32:54
45.805665,15.180258,54.1,26.5,52.6,CYCLING,2026-06-05 16:32:59
46.062422,14.502784,45.3,15.2,56.5,RUNNING,2026-06-05 16:33:04
45.538109,13.734426,49.7,15.8,55.5,WALKING,2026-06-05 16:33:09
46.05107,14.50135,78.3,19.8,74.6,CYCLING,2026-06-05 16:33:14
45.550944,13.735022,40.9,21.9,45.7,WALKING,2026-06-05 16:33:19
46.564259,15.655887,45.4,26.0,49.7,RUNNING,2026-06-05 16:33:24
46.552274,15.636788,66.1,14.8,54.4,RUNNING,2026-06-05 16:33:30
46.064384,14.504668,73.6,19.4,57.1,CYCLING,2026-06-05 16:33:35
46.545373,15.653953,75.0,27.7,58.4,CYCLING,2026-06-05 16:33:40
46.420926,15.874588,43.4,17.6,41.6,RUNNING,2026-06-05 16:33:45
46.429652,15.864248,80.4,25.7,78.0,CYCLING,2026-06-05 16:33:50
46.062621,14.49657,71.3,19.9,63.3,WALKING,2026-06-05 16:33:55
45.796003,15.17078,48.8,23.4,48.3,WALKING,2026-06-05 16:34:00
46.235738,14.352456,41.8,21.6,51.5,RUNNING,2026-06-05 16:34:05
46.239404,15.263139,77.0,21.8,65.4,RUNNING,2026-06-05 16:34:10
46.412211,15.872794,37.2,13.0,53.1,RUNNING,2026-06-05 16:34:15
46.425074,15.866979,80.8,13.0,76.9,WALKING,2026-06-05 16:34:20
46.4112,15.871397,52.2,20.5,52.0,CYCLING,2026-06-05 16:34:25
46.363028,15.120967,58.7,11.4,61.7,CYCLING,2026-06-05 16:34:31
45.793523,15.162748,50.3,26.3,65.2,WALKING,2026-06-05 16:34:36
46.357766,15.108294,37.7,18.1,53.5,WALKING,2026-06-05 16:34:41
46.235435,15.267761,38.8,18.9,37.0,CYCLING,2026-06-05 16:34:46
46.428727,15.877073,34.3,26.9,45.6,CYCLING,2026-06-05 16:34:51
46.429897,15.870947,39.2,23.8,53.1,CYCLING,2026-06-05 16:34:56
46.42104,15.862814,84.1,18.9,70.4,WALKING,2026-06-05 16:35:01
45.548282,13.72406,71.3,19.5,58.4,RUNNING,2026-06-05 16:35:06
46.231325,15.262861,90.3,10.7,78.5,WALKING,2026-06-05 16:35:11
46.053388,14.512782,89.1,26.1,66.9,RUNNING,2026-06-05 16:35:16
46.23875,15.272719,65.8,11.9,64.4,WALKING,2026-06-05 16:35:21
46.247979,14.358249,56.2,23.5,52.0,RUNNING,2026-06-05 16:35:26
46.356091,15.105423,64.7,27.0,65.1,CYCLING,2026-06-05 16:35:31
46.047597,14.499018,92.9,10.2,82.5,RUNNING,2026-06-05 16:35:37
45.808322,15.167829,72.4,16.2,65.1,RUNNING,2026-06-05 16:35:42
46.232295,14.349273,45.5,11.4,55.7,CYCLING,2026-06-05 16:35:47
46.547878,15.638388,71.5,25.7,70.1,RUNNING,2026-06-05 16:35:52
46.429078,15.86452,87.5,17.9,76.9,CYCLING,2026-06-05 16:35:57
46.224587,15.258561,36.3,21.5,39.4,RUNNING,2026-06-05 16:36:02
45.79659,15.180324,79.2,13.7,72.2,WALKING,2026-06-05 16:36:07
46.558723,15.640543,65.1,14.5,65.6,WALKING,2026-06-05 16:36:12
46.423844,15.879116,57.4,23.2,64.6,CYCLING,2026-06-05 16:36:17
46.242098,14.351833,56.0,13.3,57.9,CYCLING,2026-06-05 16:36:22
46.223928,15.266591,44.0,23.1,56.9,WALKING,2026-06-05 16:36:27
46.248075,14.346697,44.8,22.6,48.2,WALKING,2026-06-05 16:36:32
46.236247,15.267803,60.2,12.4,52.5,WALKING,2026-06-05 16:36:37
46.427915,15.87872,83.1,21.6,64.3,RUNNING,2026-06-05 16:36:42
45.554555,13.730985,94.6,20.6,85.8,CYCLING,2026-06-05 16:36:48
45.550884,13.7316,46.2,18.7,51.6,RUNNING,2026-06-05 16:36:53
46.23246,15.260082,74.1,12.2,73.8,WALKING,2026-06-05 16:36:58
46.241173,14.361721,66.3,19.0,66.8,RUNNING,2026-06-05 16:37:03
46.364068,15.116039,50.9,11.9,48.3,CYCLING,2026-06-05 16:37:08
45.798778,15.168005,46.3,19.1,50.3,RUNNING,2026-06-05 16:37:13
46.235637,15.272231,37.9,21.3,39.5,RUNNING,2026-06-05 16:37:18
46.368487,15.110659,64.3,21.6,55.0,RUNNING,2026-06-05 16:37:23
46.551023,15.649315,88.4,13.1,67.9,CYCLING,2026-06-05 16:37:28
46.243087,14.348547,64.7,24.7,63.5,CYCLING,2026-06-05 16:37:33
46.237227,15.265633,54.1,12.3,50.4,CYCLING,2026-06-05 16:37:38
45.547537,13.727121,68.4,12.3,59.2,WALKING,2026-06-05 16:37:44
46.052828,14.505672,31.9,10.5,41.2,RUNNING,2026-06-05 16:37:49
46.053873,14.512301,39.8,27.7,35.9,CYCLING,2026-06-05 16:37:54
45.555729,13.732886,33.8,26.1,47.9,RUNNING,2026-06-05 16:37:59
46.066899,14.500315,83.2,15.9,79.2,CYCLING,2026-06-05 16:38:04
46.231757,15.265396,60.4,19.7,52.4,RUNNING,2026-06-05 16:38:09
46.248006,14.348027,80.7,12.1,76.5,RUNNING,2026-06-05 16:38:14
46.367863,15.115757,90.6,18.5,84.5,CYCLING,2026-06-05 16:38:19
46.546963,15.651465,58.8,22.0,56.5,CYCLING,2026-06-05 17:20:12
45.540387,13.723847,78.9,13.8,70.8,CYCLING,2026-06-05 17:20:17
46.424143,15.863341,70.0,20.1,57.1,RUNNING,2026-06-05 17:20:22
45.794596,15.164463,66.6,11.8,71.4,WALKING,2026-06-05 17:20:28
46.368106,15.105147,60.0,13.9,64.0,CYCLING,2026-06-05 17:20:33
46.545857,15.652132,35.8,16.6,36.5,CYCLING,2026-06-05 17:20:38
46.224038,15.257997,79.2,21.0,74.8,CYCLING,2026-06-05 17:20:43
46.058968,14.512959,77.6,12.4,75.5,CYCLING,2026-06-05 17:20:48
45.536905,13.729377,77.9,13.5,72.6,CYCLING,2026-06-05 17:20:54
46.055598,14.496655,33.6,10.3,46.0,WALKING,2026-06-05 17:20:59
46.555789,15.644953,93.6,19.1,86.0,RUNNING,2026-06-05 17:21:04
46.357524,15.118252,70.6,20.4,70.5,WALKING,2026-06-05 17:21:09
46.049069,14.497421,45.3,19.9,45.0,WALKING,2026-06-05 17:21:14
45.806171,15.174237,42.2,25.0,42.6,CYCLING,2026-06-05 17:21:19
46.55114,15.642715,74.3,11.0,69.5,RUNNING,2026-06-05 17:21:24
45.797074,15.17442,83.3,26.0,76.3,WALKING,2026-06-05 17:21:29
45.54875,13.72013,65.4,22.5,53.8,CYCLING,2026-06-05 17:21:34
46.064967,14.501659,86.4,16.0,66.2,RUNNING,2026-06-05 17:21:40
45.538213,13.720978,88.9,10.7,75.0,WALKING,2026-06-05 17:21:45
45.538713,13.730779,83.4,21.9,83.6,WALKING,2026-06-05 17:21:50
46.557899,15.654422,31.7,27.4,41.4,CYCLING,2026-06-05 17:21:55
46.36163,15.114685,59.6,24.9,56.2,RUNNING,2026-06-05 17:22:00
46.23166,14.35787,40.4,12.9,39.2,CYCLING,2026-06-05 17:22:05
45.539356,13.719775,35.9,17.3,41.1,RUNNING,2026-06-05 17:22:10
45.806511,15.176966,36.2,20.4,37.8,RUNNING,2026-06-05 17:22:15
46.229768,14.364659,44.8,15.9,60.4,WALKING,2026-06-05 17:22:20
46.248147,14.363301,54.9,13.8,46.7,RUNNING,2026-06-05 17:22:25
45.538857,13.733527,58.0,16.3,65.7,WALKING,2026-06-05 17:22:30
46.556075,15.638133,63.0,23.5,59.0,CYCLING,2026-06-05 17:22:35
46.553267,15.640029,88.7,10.4,67.5,CYCLING,2026-06-05 17:22:41
46.232977,14.354964,81.5,16.1,59.9,CYCLING,2026-06-05 17:22:46
46.418937,15.873205,68.3,10.4,67.4,RUNNING,2026-06-05 17:22:51
45.79942,15.179773,90.6,20.1,71.9,RUNNING,2026-06-05 17:22:56
46.062384,14.499885,79.1,19.1,62.5,WALKING,2026-06-05 17:23:01
46.24874,14.350922,70.0,22.7,72.6,RUNNING,2026-06-05 17:23:06
46.366571,15.115528,87.7,14.4,71.0,CYCLING,2026-06-05 17:23:11
46.552814,15.646406,34.2,23.1,54.3,WALKING,2026-06-05 17:23:16
46.556641,15.647673,64.0,12.2,61.4,CYCLING,2026-06-05 17:23:21
45.807422,15.165734,36.2,10.7,43.8,CYCLING,2026-06-05 17:23:26
45.792823,15.171326,91.5,26.6,86.6,RUNNING,2026-06-05 17:23:31
45.797413,15.168791,92.1,25.2,71.6,RUNNING,2026-06-05 17:23:36
45.806162,15.179935,51.2,12.1,60.0,CYCLING,2026-06-05 17:23:42
45.555773,13.73586,62.7,17.3,49.6,CYCLING,2026-06-05 17:23:47
46.230056,15.263669,74.8,27.1,76.0,RUNNING,2026-06-05 17:23:52
46.562198,15.636647,71.6,20.9,59.0,WALKING,2026-06-05 17:23:57
46.553832,15.644311,41.1,24.4,42.9,RUNNING,2026-06-05 17:24:02
45.797861,15.178555,82.0,27.9,78.1,CYCLING,2026-06-05 17:24:07
46.365528,15.116791,68.6,13.9,64.6,RUNNING,2026-06-05 17:24:12
46.559969,15.64499,39.9,21.1,42.4,RUNNING,2026-06-05 17:24:17
46.245653,14.359574,47.2,21.2,49.3,WALKING,2026-06-05 17:24:22
46.416295,15.875675,39.1,16.5,44.1,CYCLING,2026-06-05 17:24:27
46.42562,15.868983,83.5,12.0,70.1,WALKING,2026-06-05 17:24:33
45.548973,13.723576,56.3,11.8,54.7,CYCLING,2026-06-05 17:24:38
45.795285,15.179302,59.9,17.7,57.7,CYCLING,2026-06-05 17:24:43
45.800079,15.164429,74.1,14.8,64.4,CYCLING,2026-06-05 17:24:48
45.543006,13.728244,51.0,22.0,47.2,RUNNING,2026-06-05 17:24:53
46.04844,14.49697,37.9,17.4,34.7,CYCLING,2026-06-05 17:24:58
46.368422,15.102771,75.4,26.6,67.4,RUNNING,2026-06-05 17:25:03
46.05192,14.514811,93.8,22.6,77.1,WALKING,2026-06-05 17:25:08
46.415434,15.876614,95.0,12.6,74.7,CYCLING,2026-06-05 17:25:13
46.415621,15.867384,76.4,26.2,71.8,RUNNING,2026-06-05 17:25:18
46.411089,15.871352,30.6,13.5,50.8,RUNNING,2026-06-05 17:25:23
46.354573,15.120813,37.7,11.2,40.8,WALKING,2026-06-05 17:25:28
46.411571,15.871307,53.0,24.9,50.6,RUNNING,2026-06-05 17:25:34
46.413417,15.86848,72.4,17.2,61.8,WALKING,2026-06-05 17:25:39
46.234629,15.263208,75.1,27.9,69.1,RUNNING,2026-06-05 17:25:44
46.050787,14.497117,44.1,20.3,43.1,CYCLING,2026-06-05 17:25:49
45.551499,13.735413,34.7,10.3,46.3,WALKING,2026-06-05 17:25:54
46.4101,15.869984,78.6,12.5,73.4,WALKING,2026-06-05 17:25:59
46.234139,14.353565,44.9,24.7,39.6,CYCLING,2026-06-05 17:26:04
46.056229,14.510752,37.7,21.3,55.5,RUNNING,2026-06-05 17:26:09
46.41812,15.878414,88.0,27.0,66.2,CYCLING,2026-06-05 17:26:14
45.55081,13.725216,38.2,18.1,45.7,CYCLING,2026-06-05 17:26:19
46.061685,14.504463,85.6,13.7,66.8,WALKING,2026-06-05 17:26:24
45.799452,15.177982,63.4,17.0,71.1,WALKING,2026-06-05 17:26:29
46.23015,14.346237,48.4,25.7,57.8,WALKING,2026-06-05 17:26:34
45.547583,13.723385,63.3,11.2,59.6,RUNNING,2026-06-05 17:26:40
46.559745,15.638264,49.7,13.7,48.9,CYCLING,2026-06-05 17:26:45
46.411985,15.868181,43.4,25.6,55.7,CYCLING,2026-06-05 17:26:50
46.554611,15.637361,88.6,10.0,79.7,WALKING,2026-06-05 17:26:56
45.539281,13.737667,33.8,18.5,43.7,WALKING,2026-06-05 17:27:01
46.35851,15.117764,84.2,14.3,80.2,CYCLING,2026-06-05 17:27:06
46.239901,15.256825,50.9,25.1,59.3,RUNNING,2026-06-05 17:27:11
46.241616,14.361297,52.7,24.3,55.9,RUNNING,2026-06-05 17:27:16
46.368851,15.112877,30.4,10.7,47.5,RUNNING,2026-06-05 17:27:21
46.049202,14.499513,71.2,23.6,60.7,RUNNING,2026-06-05 17:27:26
46.062191,14.508869,54.4,26.7,45.3,CYCLING,2026-06-05 17:27:31
46.234351,14.350375,43.1,15.4,59.7,WALKING,2026-06-05 17:27:36
46.233006,14.362394,58.2,27.4,54.2,WALKING,2026-06-05 17:27:41
45.551249,13.733639,39.9,20.7,55.3,RUNNING,2026-06-05 17:27:46
46.237778,15.258327,93.6,14.8,85.8,WALKING,2026-06-05 17:27:51
46.353483,15.11633,93.0,11.0,74.0,CYCLING,2026-06-05 17:27:57
46.049517,14.49734,76.4,24.6,76.6,WALKING,2026-06-05 17:28:02
45.538179,13.729212,63.8,12.6,62.5,WALKING,2026-06-05 17:28:07
46.058887,14.503957,31.8,13.9,47.0,WALKING,2026-06-05 17:28:12
46.561777,15.647672,35.3,10.4,52.8,RUNNING,2026-06-05 17:28:17
46.233405,14.364896,91.0,22.4,74.4,CYCLING,2026-06-05 17:28:22
46.549625,15.647202,51.6,15.0,61.2,RUNNING,2026-06-05 17:28:27
45.551305,13.739324,70.7,20.5,68.9,RUNNING,2026-06-05 17:28:32
45.798725,15.164794,46.5,17.2,45.5,RUNNING,2026-06-05 17:28:37
45.551585,13.721784,92.7,15.2,80.3,RUNNING,2026-06-05 17:28:42
46.047238,14.502332,73.5,15.7,72.5,CYCLING,2026-06-05 17:28:47
46.414573,15.861862,86.9,25.7,82.2,CYCLING,2026-06-05 17:28:53
46.427456,15.868274,91.5,22.1,85.4,RUNNING,2026-06-05 17:28:58
45.54959,13.722732,31.9,25.4,51.3,WALKING,2026-06-05 17:29:03
46.544814,15.650071,76.8,22.5,61.3,WALKING,2026-06-05 17:29:08
45.793982,15.174827,54.0,10.7,53.3,WALKING,2026-06-05 17:29:13
46.428545,15.877401,89.1,27.7,67.7,RUNNING,2026-06-05 17:29:18
46.059498,14.506583,59.1,12.1,60.0,CYCLING,2026-06-05 17:29:23
46.55318,15.647978,72.5,10.4,77.3,WALKING,2026-06-05 17:29:28
46.424992,15.860975,50.5,21.8,54.2,WALKING,2026-06-05 17:29:33
45.794381,15.169242,63.5,11.9,63.6,CYCLING,2026-06-05 17:29:38
46.422846,15.866957,36.4,15.2,45.0,WALKING,2026-06-05 17:29:43
46.548559,15.641789,78.4,21.8,77.9,CYCLING,2026-06-05 17:29:49
46.224392,15.259482,85.2,13.3,67.8,CYCLING,2026-06-05 17:29:54
46.225504,15.26163,77.4,20.2,71.8,CYCLING,2026-06-05 17:29:59
46.350467,15.114629,80.7,22.0,71.0,CYCLING,2026-06-05 17:30:04
46.060473,14.510237,59.1,22.7,64.0,RUNNING,2026-06-05 17:30:09
46.358643,15.114441,49.8,10.5,48.1,RUNNING,2026-06-05 17:30:14
46.350477,15.107425,94.5,22.2,72.1,CYCLING,2026-06-05 17:30:19
45.556072,13.725199,55.7,21.2,65.1,RUNNING,2026-06-05 17:30:24
46.235021,14.353997,91.4,15.2,84.4,CYCLING,2026-06-05 17:30:29
46.230037,15.2621,59.9,15.2,66.5,RUNNING,2026-06-05 17:30:34
46.050666,14.512188,55.0,18.7,52.8,RUNNING,2026-06-05 17:30:39
46.231875,14.360329,84.1,21.7,69.2,WALKING,2026-06-05 17:30:44
45.797076,15.179391,69.6,17.2,63.4,RUNNING,2026-06-05 18:01:29
46.411926,15.877723,76.5,20.7,67.9,CYCLING,2026-06-05 18:01:34
46.236007,15.256037,46.9,27.6,50.4,CYCLING,2026-06-05 18:01:39
